{
	"textures": {
		"0": "item/gui_base_3"
	},
	"elements": [
		{
			"from": [-3, -3, 8],
			"to": [19, 19, -8],
			"rotation": {"angle": 22.5, "axis": "z", "origin": [24.12303, 45.17771, -8]},
			"faces": {
				"south": {"uv": [0, 0, 8, 8], "texture": "#0"}
			}
		},
		{
			"from": [-3, -3, 8],
			"to": [19, 19, -8],
			"rotation": {"angle": 22.5, "axis": "z", "origin": [79.42376, 56.17771, -8]},
			"faces": {
				"south": {"uv": [0, 8, 8, 16], "texture": "#0"}
			}
		},
		{
			"from": [-3, -3, 8],
			"to": [19, 19, -8],
			"rotation": {"angle": 22.5, "axis": "z", "origin": [13.12303, 100.47844, -8]},
			"faces": {
				"south": {"uv": [8, 0, 16, 8], "texture": "#0"}
			}
		},
		{
			"from": [-3, -3, 8],
			"to": [19, 19, -8],
			"rotation": {"angle": 22.5, "axis": "z", "origin": [68.42376, 111.47844, -8]},
			"faces": {
				"south": {"uv": [8, 8, 16, 16], "texture": "#0"}
			}
		}
	],
	"gui_light": "front",
	"display": {
		"thirdperson_righthand": {
			"scale": [0, 0, 0]
		},
		"thirdperson_lefthand": {
			"scale": [0, 0, 0]
		},
		"firstperson_righthand": {
			"scale": [0, 0, 0]
		},
		"firstperson_lefthand": {
			"scale": [0, 0, 0]
		},
		"ground": {
			"scale": [0, 0, 0]
		},
		"gui": {
			"rotation": [0, 0, -22.5],
			"translation": [-17, 1, -80],
			"scale": [4, 4, 4]
		},
		"head": {
			"scale": [0, 0, 0]
		},
		"fixed": {
			"scale": [0, 0, 0]
		}
	}
}