{
	"texture_size": [64, 64],
	"textures": {
		"1": "item/skin_weapon_5",
		"particle": "item/skin_weapon_5"
	},
	"elements": [
		{
			"from": [7, 19.5, 6.25],
			"to": [9, 25.5, 10.25],
			"rotation": {"angle": 0, "axis": "y", "origin": [8, 15, 8]},
			"faces": {
				"north": {"uv": [2.75, 4.5, 3.25, 6], "texture": "#1"},
				"east": {"uv": [2, 3, 3, 4.5], "texture": "#1"},
				"south": {"uv": [3.25, 4.5, 3.75, 6], "texture": "#1"},
				"west": {"uv": [3, 3, 4, 4.5], "texture": "#1"},
				"up": {"uv": [6.25, 4.5, 5.75, 3.5], "texture": "#1"},
				"down": {"uv": [5, 5.75, 4.5, 6.75], "texture": "#1"}
			}
		},
		{
			"from": [7, 19.5, 1.25],
			"to": [9, 25.5, 6.25],
			"rotation": {"angle": 0, "axis": "y", "origin": [8, 15, 8]},
			"faces": {
				"north": {"uv": [4.75, 0, 5.25, 1.5], "texture": "#1"},
				"east": {"uv": [3.25, 1.5, 2, 3], "texture": "#1"},
				"south": {"uv": [4.75, 1.5, 5.25, 3], "texture": "#1"},
				"west": {"uv": [2, 1.5, 3.25, 3], "texture": "#1"},
				"up": {"uv": [5.25, 5.75, 4.75, 4.5], "texture": "#1"},
				"down": {"uv": [5.75, 0, 5.25, 1.25], "texture": "#1"}
			}
		},
		{
			"from": [7, 22.5, 10.25],
			"to": [9, 25.5, 14.25],
			"rotation": {"angle": 0, "axis": "y", "origin": [8, 15, 8]},
			"faces": {
				"north": {"uv": [2.75, 6, 3.25, 6.75], "texture": "#1"},
				"east": {"uv": [4.75, 3, 5.75, 3.75], "texture": "#1"},
				"south": {"uv": [3.25, 6, 3.75, 6.75], "texture": "#1"},
				"west": {"uv": [4.75, 3.75, 5.75, 4.5], "texture": "#1"},
				"up": {"uv": [6.5, 1.75, 6, 0.75], "texture": "#1"},
				"down": {"uv": [6.5, 1.75, 6, 2.75], "texture": "#1"}
			}
		},
		{
			"from": [7.5, 17.95495, 6.40901],
			"to": [8.5, 22.95495, 9.40901],
			"rotation": {"angle": -45, "axis": "x", "origin": [8, 15, 8]},
			"faces": {
				"north": {"uv": [5, 5.75, 5.25, 7], "texture": "#1"},
				"east": {"uv": [2.75, 4.5, 2, 5.75], "texture": "#1"},
				"south": {"uv": [3.75, 6, 4, 7.25], "texture": "#1"},
				"west": {"uv": [2, 4.5, 2.75, 5.75], "texture": "#1"},
				"up": {"uv": [4, 5.25, 3.75, 4.5], "texture": "#1"},
				"down": {"uv": [6.25, 5, 6, 5.75], "texture": "#1"}
			}
		},
		{
			"from": [6.75, 19, 7],
			"to": [9.25, 26, 9.5],
			"rotation": {"angle": 0, "axis": "y", "origin": [8, 15, 8]},
			"faces": {
				"north": {"uv": [3.25, 0, 4, 1.75], "texture": "#1"},
				"east": {"uv": [4, 0, 4.75, 1.75], "texture": "#1"},
				"south": {"uv": [4, 1.75, 4.75, 3.5], "texture": "#1"},
				"west": {"uv": [4, 3.5, 4.75, 5.25], "texture": "#1"},
				"up": {"uv": [6, 2, 5.25, 1.25], "texture": "#1"},
				"down": {"uv": [6, 2, 5.25, 2.75], "texture": "#1"}
			}
		},
		{
			"from": [7, -15, 7.25],
			"to": [9, 27, 9.25],
			"rotation": {"angle": 0, "axis": "y", "origin": [8, 15, 8]},
			"faces": {
				"north": {"uv": [0, 0, 0.5, 10.5], "texture": "#1"},
				"east": {"uv": [0.5, 0, 1, 10.5], "texture": "#1"},
				"south": {"uv": [1, 0, 1.5, 10.5], "texture": "#1"},
				"west": {"uv": [1.5, 0, 2, 10.5], "texture": "#1"},
				"up": {"uv": [4.5, 6.5, 4, 6], "texture": "#1"},
				"down": {"uv": [6.5, 4.5, 6, 5], "texture": "#1"}
			}
		}
	],
	"gui_light": "front",
	"display": {
		"thirdperson_righthand": {
			"translation": [0, 10.25, 1.25],
			"scale": [0.7, 0.7, 0.7]
		},
		"thirdperson_lefthand": {
			"translation": [0, 10.25, 1.25],
			"scale": [0.7, 0.7, 0.7]
		},
		"firstperson_righthand": {
			"rotation": [0, -5, -10],
			"translation": [1.5, 3, 1.25],
			"scale": [0.6, 0.6, 0.6]
		},
		"firstperson_lefthand": {
			"rotation": [0, -5, -10],
			"translation": [1.5, 3, 1.25],
			"scale": [0.6, 0.6, 0.6]
		},
		"ground": {
			"scale": [0, 0, 0]
		},
		"gui": {
			"rotation": [-100, -45, -100],
			"translation": [0, 0.25, 0],
			"scale": [0.45, 0.46, 0.45]
		},
		"head": {
			"scale": [0, 0, 0]
		},
		"fixed": {
			"scale": [0, 0, 0]
		}
	}
}