{
	"texture_size": [32, 32],
	"textures": {
		"0": "item/skin_weapon_7",
		"particle": "item/skin_weapon_7"
	},
	"elements": [
		{
			"from": [7, -5.69161, 8.41515],
			"to": [9, 14.30839, 10.41515],
			"rotation": {"angle": 0, "axis": "y", "origin": [8, 8, 8]},
			"faces": {
				"north": {"uv": [1, 0, 2, 10], "texture": "#0"},
				"east": {"uv": [2, 0, 3, 10], "texture": "#0"},
				"south": {"uv": [3, 0, 4, 10], "texture": "#0"},
				"west": {"uv": [0, 0, 1, 10], "texture": "#0"},
				"up": {"uv": [8, 7, 7, 6], "rotation": 270, "texture": "#0"},
				"down": {"uv": [7.5, 7, 6.5, 8], "rotation": 90, "texture": "#0"}
			}
		},
		{
			"from": [7, 10.30839, 3.41515],
			"to": [9, 14.30839, 5.41515],
			"rotation": {"angle": 0, "axis": "y", "origin": [8, 8, 8]},
			"faces": {
				"north": {"uv": [5.5, 2, 6.5, 4], "texture": "#0"},
				"east": {"uv": [5.5, 4, 6.5, 6], "texture": "#0"},
				"south": {"uv": [4, 6, 5, 8], "texture": "#0"},
				"west": {"uv": [5.5, 0, 6.5, 2], "texture": "#0"},
				"up": {"uv": [5, 9, 4, 8], "rotation": 270, "texture": "#0"},
				"down": {"uv": [9, 4, 8, 5], "rotation": 90, "texture": "#0"}
			}
		},
		{
			"from": [7, 12.30839, 5.41515],
			"to": [9, 14.30839, 8.41515],
			"rotation": {"angle": 0, "axis": "y", "origin": [8, 8, 8]},
			"faces": {
				"north": {"uv": [7.5, 7, 8.5, 8], "texture": "#0"},
				"east": {"uv": [6.5, 4, 8, 5], "texture": "#0"},
				"south": {"uv": [8, 3, 9, 4], "texture": "#0"},
				"west": {"uv": [6.5, 3, 8, 4], "texture": "#0"},
				"up": {"uv": [8, 6, 6.5, 5], "rotation": 270, "texture": "#0"},
				"down": {"uv": [6.5, 7, 5, 8], "rotation": 90, "texture": "#0"}
			}
		},
		{
			"from": [9.5, 8.66097, 4.81232],
			"to": [9.5, 10.66097, 8.81232],
			"rotation": {"angle": -22.5, "axis": "x", "origin": [8, 11, 8]},
			"faces": {
				"north": {"uv": [0, 0, 0, 1], "texture": "#0"},
				"east": {"uv": [6.5, 0, 8.5, 1], "texture": "#0"},
				"south": {"uv": [0, 0, 0, 1], "texture": "#0"},
				"west": {"uv": [5, 6, 7, 7], "texture": "#0"},
				"up": {"uv": [2, 0, 0, 0], "rotation": 270, "texture": "#0"},
				"down": {"uv": [2, 0, 0, 0], "rotation": 90, "texture": "#0"}
			}
		},
		{
			"from": [9.25, 6.05693, 7.83433],
			"to": [9.25, 9.05693, 10.83433],
			"rotation": {"angle": 22.5, "axis": "x", "origin": [8, 11, 8]},
			"faces": {
				"north": {"uv": [0, 0, 0, 1.5], "texture": "#0"},
				"east": {"uv": [4, 1.5, 5.5, 3], "texture": "#0"},
				"south": {"uv": [0, 0, 0, 1.5], "texture": "#0"},
				"west": {"uv": [4, 0, 5.5, 1.5], "texture": "#0"},
				"up": {"uv": [1.5, 0, 0, 0], "rotation": 270, "texture": "#0"},
				"down": {"uv": [1.5, 0, 0, 0], "rotation": 90, "texture": "#0"}
			}
		},
		{
			"from": [9.25, 4.97382, 7.78053],
			"to": [9.25, 7.97382, 10.78053],
			"rotation": {"angle": -22.5, "axis": "x", "origin": [8, 11, 8]},
			"faces": {
				"north": {"uv": [0, 0, 0, 1.5], "texture": "#0"},
				"east": {"uv": [4, 4.5, 5.5, 6], "texture": "#0"},
				"south": {"uv": [0, 0, 0, 1.5], "texture": "#0"},
				"west": {"uv": [4, 3, 5.5, 4.5], "texture": "#0"},
				"up": {"uv": [1.5, 0, 0, 0], "rotation": 270, "texture": "#0"},
				"down": {"uv": [1.5, 0, 0, 0], "rotation": 90, "texture": "#0"}
			}
		},
		{
			"from": [9, 4.22382, 8.78053],
			"to": [9, 5.22382, 9.78053],
			"rotation": {"angle": -22.5, "axis": "x", "origin": [8, 11, 8]},
			"faces": {
				"north": {"uv": [0, 0, 0, 0.5], "texture": "#0"},
				"east": {"uv": [8, 5.5, 8.5, 6], "texture": "#0"},
				"south": {"uv": [0, 0, 0, 0.5], "texture": "#0"},
				"west": {"uv": [5.5, 8, 6, 8.5], "texture": "#0"},
				"up": {"uv": [0.5, 0, 0, 0], "rotation": 270, "texture": "#0"},
				"down": {"uv": [0.5, 0, 0, 0], "rotation": 90, "texture": "#0"}
			}
		},
		{
			"from": [9, 5.30693, 8.83433],
			"to": [9, 6.30693, 9.83433],
			"rotation": {"angle": 22.5, "axis": "x", "origin": [8, 11, 8]},
			"faces": {
				"north": {"uv": [0, 0, 0, 0.5], "texture": "#0"},
				"east": {"uv": [8, 5, 8.5, 5.5], "texture": "#0"},
				"south": {"uv": [0, 0, 0, 0.5], "texture": "#0"},
				"west": {"uv": [5, 8, 5.5, 8.5], "texture": "#0"},
				"up": {"uv": [0.5, 0, 0, 0], "rotation": 270, "texture": "#0"},
				"down": {"uv": [0.5, 0, 0, 0], "rotation": 90, "texture": "#0"}
			}
		},
		{
			"from": [9.5, 9.74408, 9.80254],
			"to": [9.5, 11.74408, 13.80254],
			"rotation": {"angle": 22.5, "axis": "x", "origin": [8, 11, 8]},
			"faces": {
				"north": {"uv": [0, 0, 0, 1], "texture": "#0"},
				"east": {"uv": [6.5, 2, 8.5, 3], "texture": "#0"},
				"south": {"uv": [0, 0, 0, 1], "texture": "#0"},
				"west": {"uv": [6.5, 1, 8.5, 2], "texture": "#0"},
				"up": {"uv": [2, 0, 0, 0], "rotation": 270, "texture": "#0"},
				"down": {"uv": [2, 0, 0, 0], "rotation": 90, "texture": "#0"}
			}
		},
		{
			"from": [9.75, 8.76187, 8.58239],
			"to": [9.75, 9.76187, 9.58239],
			"rotation": {"angle": -22.5, "axis": "x", "origin": [8, 11, 8]},
			"faces": {
				"north": {"uv": [0, 0, 0, 0.5], "texture": "#0"},
				"east": {"uv": [7.5, 8, 8, 8.5], "texture": "#0"},
				"south": {"uv": [0, 0, 0, 0.5], "texture": "#0"},
				"west": {"uv": [7, 8, 7.5, 8.5], "texture": "#0"},
				"up": {"uv": [0.5, 0, 0, 0], "rotation": 270, "texture": "#0"},
				"down": {"uv": [0.5, 0, 0, 0], "rotation": 90, "texture": "#0"}
			}
		},
		{
			"from": [9.55, 8.30839, 9.41515],
			"to": [9.55, 9.30839, 10.41515],
			"rotation": {"angle": 0, "axis": "y", "origin": [8, 11, 8]},
			"faces": {
				"north": {"uv": [0, 0, 0, 0.5], "texture": "#0"},
				"east": {"uv": [8, 6, 8.5, 6.5], "texture": "#0"},
				"south": {"uv": [0, 0, 0, 0.5], "texture": "#0"},
				"west": {"uv": [6, 8, 6.5, 8.5], "texture": "#0"},
				"up": {"uv": [0.5, 0, 0, 0], "rotation": 270, "texture": "#0"},
				"down": {"uv": [0.5, 0, 0, 0], "rotation": 90, "texture": "#0"}
			}
		},
		{
			"from": [9.65, 9.28737, 8.99284],
			"to": [9.65, 10.28737, 9.99284],
			"rotation": {"angle": 22.5, "axis": "x", "origin": [8, 11, 8]},
			"faces": {
				"north": {"uv": [0, 0, 0, 0.5], "texture": "#0"},
				"east": {"uv": [8, 6.5, 8.5, 7], "texture": "#0"},
				"south": {"uv": [0, 0, 0, 0.5], "texture": "#0"},
				"west": {"uv": [6.5, 8, 7, 8.5], "texture": "#0"},
				"up": {"uv": [0.5, 0, 0, 0], "rotation": 270, "texture": "#0"},
				"down": {"uv": [0.5, 0, 0, 0], "rotation": 90, "texture": "#0"}
			}
		},
		{
			"from": [6.75, 6.05693, 7.83433],
			"to": [6.75, 9.05693, 10.83433],
			"rotation": {"angle": 22.5, "axis": "x", "origin": [8, 11, 8]},
			"faces": {
				"north": {"uv": [0, 0, 0, 1.5], "texture": "#0"},
				"east": {"uv": [5.5, 0, 4, 1.5], "texture": "#0"},
				"south": {"uv": [0, 0, 0, 1.5], "texture": "#0"},
				"west": {"uv": [5.5, 1.5, 4, 3], "texture": "#0"},
				"up": {"uv": [1.5, 0, 0, 0], "rotation": 270, "texture": "#0"},
				"down": {"uv": [1.5, 0, 0, 0], "rotation": 90, "texture": "#0"}
			}
		},
		{
			"from": [6.75, 4.97382, 7.78053],
			"to": [6.75, 7.97382, 10.78053],
			"rotation": {"angle": -22.5, "axis": "x", "origin": [8, 11, 8]},
			"faces": {
				"north": {"uv": [0, 0, 0, 1.5], "texture": "#0"},
				"east": {"uv": [5.5, 3, 4, 4.5], "texture": "#0"},
				"south": {"uv": [0, 0, 0, 1.5], "texture": "#0"},
				"west": {"uv": [5.5, 4.5, 4, 6], "texture": "#0"},
				"up": {"uv": [1.5, 0, 0, 0], "rotation": 270, "texture": "#0"},
				"down": {"uv": [1.5, 0, 0, 0], "rotation": 90, "texture": "#0"}
			}
		},
		{
			"from": [6.5, 9.74408, 9.80254],
			"to": [6.5, 11.74408, 13.80254],
			"rotation": {"angle": 22.5, "axis": "x", "origin": [8, 11, 8]},
			"faces": {
				"north": {"uv": [0, 0, 0, 1], "texture": "#0"},
				"east": {"uv": [8.5, 1, 6.5, 2], "texture": "#0"},
				"south": {"uv": [0, 0, 0, 1], "texture": "#0"},
				"west": {"uv": [8.5, 2, 6.5, 3], "texture": "#0"},
				"up": {"uv": [2, 0, 0, 0], "rotation": 270, "texture": "#0"},
				"down": {"uv": [2, 0, 0, 0], "rotation": 90, "texture": "#0"}
			}
		},
		{
			"from": [6.25, 8.76187, 8.58239],
			"to": [6.25, 9.76187, 9.58239],
			"rotation": {"angle": -22.5, "axis": "x", "origin": [8, 11, 8]},
			"faces": {
				"north": {"uv": [0, 0, 0, 0.5], "texture": "#0"},
				"east": {"uv": [7.5, 8, 7, 8.5], "texture": "#0"},
				"south": {"uv": [0, 0, 0, 0.5], "texture": "#0"},
				"west": {"uv": [8, 8, 7.5, 8.5], "texture": "#0"},
				"up": {"uv": [0.5, 0, 0, 0], "rotation": 270, "texture": "#0"},
				"down": {"uv": [0.5, 0, 0, 0], "rotation": 90, "texture": "#0"}
			}
		},
		{
			"from": [6.5, 8.66097, 4.81232],
			"to": [6.5, 10.66097, 8.81232],
			"rotation": {"angle": -22.5, "axis": "x", "origin": [8, 11, 8]},
			"faces": {
				"north": {"uv": [0, 0, 0, 1], "texture": "#0"},
				"east": {"uv": [7, 6, 5, 7], "texture": "#0"},
				"south": {"uv": [0, 0, 0, 1], "texture": "#0"},
				"west": {"uv": [8.5, 0, 6.5, 1], "texture": "#0"},
				"up": {"uv": [2, 0, 0, 0], "rotation": 270, "texture": "#0"},
				"down": {"uv": [2, 0, 0, 0], "rotation": 90, "texture": "#0"}
			}
		},
		{
			"from": [6.35, 9.28737, 8.99284],
			"to": [6.35, 10.28737, 9.99284],
			"rotation": {"angle": 22.5, "axis": "x", "origin": [8, 11, 8]},
			"faces": {
				"north": {"uv": [0, 0, 0, 0.5], "texture": "#0"},
				"east": {"uv": [7, 8, 6.5, 8.5], "texture": "#0"},
				"south": {"uv": [0, 0, 0, 0.5], "texture": "#0"},
				"west": {"uv": [8.5, 6.5, 8, 7], "texture": "#0"},
				"up": {"uv": [0.5, 0, 0, 0], "rotation": 270, "texture": "#0"},
				"down": {"uv": [0.5, 0, 0, 0], "rotation": 90, "texture": "#0"}
			}
		},
		{
			"from": [6.45, 8.30839, 9.41515],
			"to": [6.45, 9.30839, 10.41515],
			"rotation": {"angle": 0, "axis": "y", "origin": [8, 11, 8]},
			"faces": {
				"north": {"uv": [0, 0, 0, 0.5], "texture": "#0"},
				"east": {"uv": [6.5, 8, 6, 8.5], "texture": "#0"},
				"south": {"uv": [0, 0, 0, 0.5], "texture": "#0"},
				"west": {"uv": [8.5, 6, 8, 6.5], "texture": "#0"},
				"up": {"uv": [0.5, 0, 0, 0], "rotation": 270, "texture": "#0"},
				"down": {"uv": [0.5, 0, 0, 0], "rotation": 90, "texture": "#0"}
			}
		},
		{
			"from": [7, 4.22382, 8.78053],
			"to": [7, 5.22382, 9.78053],
			"rotation": {"angle": -22.5, "axis": "x", "origin": [8, 11, 8]},
			"faces": {
				"north": {"uv": [0, 0, 0, 0.5], "texture": "#0"},
				"east": {"uv": [6, 8, 5.5, 8.5], "texture": "#0"},
				"south": {"uv": [0, 0, 0, 0.5], "texture": "#0"},
				"west": {"uv": [8.5, 5.5, 8, 6], "texture": "#0"},
				"up": {"uv": [0.5, 0, 0, 0], "rotation": 270, "texture": "#0"},
				"down": {"uv": [0.5, 0, 0, 0], "rotation": 90, "texture": "#0"}
			}
		},
		{
			"from": [7, 5.30693, 8.83433],
			"to": [7, 6.30693, 9.83433],
			"rotation": {"angle": 22.5, "axis": "x", "origin": [8, 11, 8]},
			"faces": {
				"north": {"uv": [0, 0, 0, 0.5], "texture": "#0"},
				"east": {"uv": [5.5, 8, 5, 8.5], "texture": "#0"},
				"south": {"uv": [0, 0, 0, 0.5], "texture": "#0"},
				"west": {"uv": [8.5, 5, 8, 5.5], "texture": "#0"},
				"up": {"uv": [0.5, 0, 0, 0], "rotation": 270, "texture": "#0"},
				"down": {"uv": [0.5, 0, 0, 0], "rotation": 90, "texture": "#0"}
			}
		}
	],
	"gui_light": "front",
	"display": {
		"thirdperson_righthand": {
			"rotation": [10, 0, 0],
			"translation": [0, 8.25, 2.25]
		},
		"thirdperson_lefthand": {
			"rotation": [10, 0, 0],
			"translation": [0, 8.25, 2.25]
		},
		"firstperson_righthand": {
			"rotation": [25, 0, 0],
			"translation": [0, 7, 0]
		},
		"firstperson_lefthand": {
			"rotation": [25, 0, 0],
			"translation": [0, 7, 0]
		},
		"ground": {
			"rotation": [45, 0, 0],
			"translation": [0, 4, 0],
			"scale": [0, 0, 0]
		},
		"gui": {
			"rotation": [121, 40, -122],
			"translation": [1.75, 1.75, 0],
			"scale": [0.75, 0.75, 0.75]
		},
		"head": {
			"scale": [0, 0, 0]
		},
		"fixed": {
			"rotation": [0, 90, 0],
			"translation": [0, 3, 0],
			"scale": [0, 0, 0]
		}
	},
	"groups": [
		0,
		1,
		2,
		{
			"name": "group",
			"origin": [8, 8, 8],
			"color": 0,
			"children": [3, 4, 5, 6, 7, 8, 9, 10, 11, 12, 13, 14, 15, 16, 17, 18, 19, 20]
		}
	]
}