{
	"credit": "Made with Blockbench",
	"texture_size": [64, 64],
	"textures": {
		"0": "item/skin_weapon_8",
		"particle": "item/skin_weapon_8"
	},
	"elements": [
		{
			"from": [7, 18.19822, 6],
			"to": [9, 24.19822, 10],
			"rotation": {"angle": 0, "axis": "y", "origin": [8, 8, 8]},
			"faces": {
				"north": {"uv": [1.5, 8.5, 2, 10], "texture": "#0"},
				"east": {"uv": [5.75, 5.75, 6.75, 7.25], "texture": "#0"},
				"south": {"uv": [7.5, 8.75, 8, 10.25], "texture": "#0"},
				"west": {"uv": [6, 0, 7, 1.5], "texture": "#0"},
				"up": {"uv": [8.5, 4.5, 8, 3.5], "texture": "#0"},
				"down": {"uv": [7.5, 9.5, 7, 10.5], "texture": "#0"}
			}
		},
		{
			"from": [6, 18.19822, 1],
			"to": [10, 24.19822, 6],
			"rotation": {"angle": 0, "axis": "y", "origin": [8, 8, 8]},
			"faces": {
				"north": {"uv": [2, 6.5, 3, 8], "texture": "#0"},
				"east": {"uv": [4.5, 5.25, 5.75, 6.75], "texture": "#0"},
				"south": {"uv": [3, 6.5, 4, 8], "texture": "#0"},
				"west": {"uv": [5.75, 1.75, 7, 3.25], "texture": "#0"},
				"up": {"uv": [4.5, 3, 3.5, 1.75], "texture": "#0"},
				"down": {"uv": [9.75, 0, 8.75, 1.25], "texture": "#0"}
			}
		},
		{
			"from": [5.5, 17.69822, 2],
			"to": [10.5, 24.69822, 5],
			"rotation": {"angle": 0, "axis": "y", "origin": [8, 8, 8]},
			"faces": {
				"north": {"uv": [2, 3, 3.25, 4.75], "texture": "#0"},
				"east": {"uv": [2.75, 8, 3.5, 9.75], "texture": "#0"},
				"south": {"uv": [3.25, 3, 4.5, 4.75], "texture": "#0"},
				"west": {"uv": [8, 6.25, 8.75, 8], "texture": "#0"},
				"up": {"uv": [10, 3, 8.75, 2.25], "texture": "#0"},
				"down": {"uv": [6.25, 8.75, 5, 9.5], "texture": "#0"}
			}
		},
		{
			"from": [5.5, 17.69822, -1.5],
			"to": [10.5, 24.69822, 1.5],
			"rotation": {"angle": 0, "axis": "y", "origin": [8, 8, 8]},
			"faces": {
				"north": {"uv": [3.5, 0, 4.75, 1.75], "texture": "#0"},
				"east": {"uv": [8, 8, 8.75, 9.75], "texture": "#0"},
				"south": {"uv": [4.5, 1.75, 5.75, 3.5], "texture": "#0"},
				"west": {"uv": [3.5, 8.25, 4.25, 10], "texture": "#0"},
				"up": {"uv": [7.5, 9.5, 6.25, 8.75], "texture": "#0"},
				"down": {"uv": [10, 6.25, 8.75, 7], "texture": "#0"}
			}
		},
		{
			"from": [5.5, 17.69822, 14.5],
			"to": [10.5, 24.69822, 17.5],
			"rotation": {"angle": 0, "axis": "y", "origin": [8, 8, 8]},
			"faces": {
				"north": {"uv": [2, 4.75, 3.25, 6.5], "texture": "#0"},
				"east": {"uv": [0.75, 8.5, 1.5, 10.25], "texture": "#0"},
				"south": {"uv": [3.25, 4.75, 4.5, 6.5], "texture": "#0"},
				"west": {"uv": [8.5, 3.5, 9.25, 5.25], "texture": "#0"},
				"up": {"uv": [10, 9.25, 8.75, 8.5], "texture": "#0"},
				"down": {"uv": [10.5, 3, 9.25, 3.75], "texture": "#0"}
			}
		},
		{
			"from": [5.5, 17.69822, 11],
			"to": [10.5, 24.69822, 14],
			"rotation": {"angle": 0, "axis": "y", "origin": [8, 8, 8]},
			"faces": {
				"north": {"uv": [4.5, 3.5, 5.75, 5.25], "texture": "#0"},
				"east": {"uv": [4.25, 8.25, 5, 10], "texture": "#0"},
				"south": {"uv": [4.75, 0, 6, 1.75], "texture": "#0"},
				"west": {"uv": [0, 8.5, 0.75, 10.25], "texture": "#0"},
				"up": {"uv": [10, 7.75, 8.75, 7], "texture": "#0"},
				"down": {"uv": [10, 7.75, 8.75, 8.5], "texture": "#0"}
			}
		},
		{
			"from": [6, 18.19822, 10],
			"to": [10, 24.19822, 16],
			"rotation": {"angle": 0, "axis": "y", "origin": [8, 8, 8]},
			"faces": {
				"north": {"uv": [4, 6.75, 5, 8.25], "texture": "#0"},
				"east": {"uv": [2, 0, 3.5, 1.5], "texture": "#0"},
				"south": {"uv": [6.75, 5.75, 7.75, 7.25], "texture": "#0"},
				"west": {"uv": [2, 1.5, 3.5, 3], "texture": "#0"},
				"up": {"uv": [8, 1.5, 7, 0], "texture": "#0"},
				"down": {"uv": [8, 1.5, 7, 3], "texture": "#0"}
			}
		},
		{
			"from": [6.75, 17.69822, 6.75],
			"to": [9.25, 24.69822, 9.25],
			"rotation": {"angle": 0, "axis": "y", "origin": [8, 8, 8]},
			"faces": {
				"north": {"uv": [7.75, 4.5, 8.5, 6.25], "texture": "#0"},
				"east": {"uv": [8, 0, 8.75, 1.75], "texture": "#0"},
				"south": {"uv": [8, 1.75, 8.75, 3.5], "texture": "#0"},
				"west": {"uv": [2, 8, 2.75, 9.75], "texture": "#0"},
				"up": {"uv": [10.25, 5.75, 9.5, 5], "texture": "#0"},
				"down": {"uv": [7, 9.5, 6.25, 10.25], "texture": "#0"}
			}
		},
		{
			"from": [6.75, -7.30178, 6.75],
			"to": [9.25, -4.30178, 9.25],
			"rotation": {"angle": 0, "axis": "y", "origin": [8, 8, 8]},
			"faces": {
				"north": {"uv": [9.75, 0, 10.5, 0.75], "texture": "#0"},
				"east": {"uv": [9.75, 0.75, 10.5, 1.5], "texture": "#0"},
				"south": {"uv": [9.75, 1.5, 10.5, 2.25], "texture": "#0"},
				"west": {"uv": [2, 9.75, 2.75, 10.5], "texture": "#0"},
				"up": {"uv": [3.5, 10.5, 2.75, 9.75], "texture": "#0"},
				"down": {"uv": [8.75, 9.75, 8, 10.5], "texture": "#0"}
			}
		},
		{
			"from": [6.75, 13.69822, 6.75],
			"to": [9.25, 16.69822, 9.25],
			"rotation": {"angle": 0, "axis": "y", "origin": [8, 8, 8]},
			"faces": {
				"north": {"uv": [10, 2.25, 10.75, 3], "texture": "#0"},
				"east": {"uv": [3.5, 10, 4.25, 10.75], "texture": "#0"},
				"south": {"uv": [10, 3.75, 10.75, 4.5], "texture": "#0"},
				"west": {"uv": [4.25, 10, 5, 10.75], "texture": "#0"},
				"up": {"uv": [10.75, 6.5, 10, 5.75], "texture": "#0"},
				"down": {"uv": [10.75, 6.5, 10, 7.25], "texture": "#0"}
			}
		},
		{
			"from": [5.75, 18.80178, 6.43934],
			"to": [10.25, 23.80178, 9.43934],
			"rotation": {"angle": 0, "axis": "y", "origin": [8, 21.80178, 6.93934]},
			"faces": {
				"north": {"uv": [5.75, 3.25, 7, 4.5], "texture": "#0"},
				"east": {"uv": [7, 4.5, 7.75, 5.75], "texture": "#0"},
				"south": {"uv": [5.75, 4.5, 7, 5.75], "texture": "#0"},
				"west": {"uv": [9.25, 3.75, 10, 5], "texture": "#0"},
				"up": {"uv": [10, 10, 8.75, 9.25], "texture": "#0"},
				"down": {"uv": [6.25, 9.5, 5, 10.25], "texture": "#0"}
			}
		},
		{
			"from": [6, 18.55178, 6.18934],
			"to": [10, 24.05178, 9.68934],
			"rotation": {"angle": 0, "axis": "y", "origin": [8, 21.80178, 6.93934]},
			"faces": {
				"north": {"uv": [7, 3, 8, 4.5], "texture": "#0"},
				"east": {"uv": [5, 7.25, 6, 8.75], "texture": "#0"},
				"south": {"uv": [6, 7.25, 7, 8.75], "texture": "#0"},
				"west": {"uv": [7, 7.25, 8, 8.75], "texture": "#0"},
				"up": {"uv": [9.5, 6.25, 8.5, 5.25], "texture": "#0"},
				"down": {"uv": [9.75, 1.25, 8.75, 2.25], "texture": "#0"}
			}
		},
		{
			"from": [7, -8.30178, 7],
			"to": [9, 25.69822, 9],
			"rotation": {"angle": 0, "axis": "y", "origin": [8, 8, 8]},
			"faces": {
				"north": {"uv": [0, 0, 0.5, 8.5], "texture": "#0"},
				"east": {"uv": [0.5, 0, 1, 8.5], "texture": "#0"},
				"south": {"uv": [1, 0, 1.5, 8.5], "texture": "#0"},
				"west": {"uv": [1.5, 0, 2, 8.5], "texture": "#0"},
				"up": {"uv": [5.5, 7.25, 5, 6.75], "texture": "#0"},
				"down": {"uv": [9.25, 3, 8.75, 3.5], "texture": "#0"}
			}
		}
	],
	"gui_light": "front",
	"display": {
		"thirdperson_righthand": {
			"rotation": [0, 10, 0],
			"translation": [0, 3.75, 1.75],
			"scale": [0.7, 0.7, 0.7]
		},
		"thirdperson_lefthand": {
			"rotation": [0, 10, 0],
			"translation": [0, 3.75, 1.75],
			"scale": [0.7, 0.7, 0.7]
		},
		"firstperson_righthand": {
			"rotation": [15, 5, 0],
			"translation": [0.25, 3.25, 2],
			"scale": [0.6, 0.6, 0.6]
		},
		"firstperson_lefthand": {
			"rotation": [15, 5, 0],
			"translation": [0.25, 3.25, 2],
			"scale": [0.6, 0.6, 0.6]
		},
		"ground": {
			"scale": [0, 0, 0]
		},
		"gui": {
			"rotation": [90, 45, -90],
			"translation": [-1.5, -1.5, 0],
			"scale": [0.5, 0.5, 0.5]
		},
		"head": {
			"scale": [0, 0, 0]
		},
		"fixed": {
			"scale": [0, 0, 0]
		}
	}
}