{
	"texture_size": [32, 32],
	"textures": {
		"0": "item/skin_weapon_basic"
	},
	"elements": [
		{
			"from": [7, -6.23989, 9.63207],
			"to": [9, 11.76011, 11.63207],
			"rotation": {"angle": 0, "axis": "y", "origin": [7, -9.23989, 9.63207]},
			"faces": {
				"north": {"uv": [3, 0, 4, 9], "texture": "#0"},
				"east": {"uv": [4, 0, 3, 9], "texture": "#0"},
				"south": {"uv": [4, 0, 3, 9], "texture": "#0"},
				"west": {"uv": [3, 0, 4, 9], "texture": "#0"},
				"up": {"uv": [6, 5, 5, 4], "texture": "#0"},
				"down": {"uv": [6, 5, 5, 6], "texture": "#0"}
			}
		},
		{
			"from": [7.5, 4.76011, 8.63207],
			"to": [8.5, 12.76011, 9.63207],
			"rotation": {"angle": -22.5, "axis": "x", "origin": [8, 7.26011, 9.13207]},
			"faces": {
				"north": {"uv": [4, 0, 4.5, 4], "texture": "#0"},
				"east": {"uv": [4.5, 4, 5, 8], "texture": "#0"},
				"south": {"uv": [4.5, 4, 5, 8], "texture": "#0"},
				"west": {"uv": [4.5, 4, 5, 8], "texture": "#0"},
				"up": {"uv": [6.5, 0.5, 6, 0], "texture": "#0"},
				"down": {"uv": [6.5, 0.5, 6, 1], "texture": "#0"}
			}
		},
		{
			"from": [8, 11.59345, 4.22148],
			"to": [8, 15.59345, 6.22148],
			"rotation": {"angle": -45, "axis": "x", "origin": [8, 13.59345, 5.72148]},
			"faces": {
				"north": {"uv": [0, 0, 0, 2], "texture": "#0"},
				"east": {"uv": [5, 0, 6, 2], "texture": "#0"},
				"south": {"uv": [0, 0, 0, 2], "texture": "#0"},
				"west": {"uv": [5, 2, 6, 4], "texture": "#0"},
				"up": {"uv": [0, 1, 0, 0], "texture": "#0"},
				"down": {"uv": [0, 0, 0, 1], "texture": "#0"}
			}
		}
	],
	"gui_light": "front",
	"display": {
		"thirdperson_righthand": {
			"translation": [0, 3.75, -0.5],
			"scale": [0.6, 0.6, 0.6]
		},
		"thirdperson_lefthand": {
			"translation": [0, 3.75, -0.5],
			"scale": [0.6, 0.6, 0.6]
		},
		"firstperson_righthand": {
			"rotation": [10, 0, 0],
			"translation": [0.25, 4, 2],
			"scale": [0.6, 0.6, 0.6]
		},
		"firstperson_lefthand": {
			"rotation": [10, 0, 0],
			"translation": [0.25, 4, 2],
			"scale": [0.6, 0.6, 0.6]
		},
		"ground": {
			"scale": [0, 0, 0]
		},
		"gui": {
			"rotation": [-90, -60, -90],
			"translation": [2.25, 1.75, 0],
			"scale": [0.65, 0.65, 0.65]
		},
		"head": {
			"scale": [0, 0, 0]
		},
		"fixed": {
			"scale": [0, 0, 0]
		}
	}
}