{
	"texture_size": [32, 32],
	"textures": {
		"0": "item/skin_weapon_4",
		"particle": "item/skin_weapon_4"
	},
	"elements": [
		{
			"from": [5.81066, -14.44287, 11],
			"to": [7.81066, 2.55713, 13],
			"rotation": {"angle": -22.5, "axis": "x", "origin": [6.81066, 2.05713, 6]},
			"faces": {
				"north": {"uv": [2, 0, 3, 8.5], "texture": "#0"},
				"east": {"uv": [3, 0, 2, 8.5], "texture": "#0"},
				"south": {"uv": [2, 0, 3, 8.5], "texture": "#0"},
				"west": {"uv": [3, 0, 2, 8.5], "texture": "#0"},
				"up": {"uv": [8.5, 1, 7.5, 0], "texture": "#0"},
				"down": {"uv": [8.5, 1, 7.5, 2], "texture": "#0"}
			}
		},
		{
			"from": [6.31066, 0.55713, 11.5],
			"to": [7.31066, 23.55713, 12.5],
			"rotation": {"angle": -22.5, "axis": "x", "origin": [6.81066, 2.05713, 6]},
			"faces": {
				"north": {"uv": [5, 4, 5.5, 15.5], "texture": "#0"},
				"east": {"uv": [5, 4, 5.5, 15.5], "texture": "#0"},
				"south": {"uv": [5, 4, 5.5, 15.5], "texture": "#0"},
				"west": {"uv": [5, 4, 5.5, 15.5], "texture": "#0"},
				"up": {"uv": [8, 2.5, 7.5, 2], "texture": "#0"},
				"down": {"uv": [8, 2.5, 7.5, 3], "texture": "#0"}
			}
		},
		{
			"from": [8.31066, 22.55713, 2.5],
			"to": [15.31066, 26.55713, 4.5],
			"rotation": {"angle": 45, "axis": "z", "origin": [11.31066, 22.05713, 5.5]},
			"faces": {
				"north": {"uv": [7.5, 2, 4, 4], "texture": "#0"},
				"east": {"uv": [6, 6, 7, 8], "texture": "#0"},
				"south": {"uv": [4, 2, 7.5, 4], "texture": "#0"},
				"west": {"uv": [7, 6, 8, 8], "texture": "#0"},
				"up": {"uv": [9.5, 5, 6, 4], "texture": "#0"},
				"down": {"uv": [9.5, 5, 6, 6], "texture": "#0"}
			}
		}
	],
	"gui_light": "front",
	"display": {
		"thirdperson_righthand": {
			"rotation": [30, 0, 0],
			"translation": [0.75, 12.5, 2],
			"scale": [0.85, 0.85, 0.85]
		},
		"thirdperson_lefthand": {
			"rotation": [30, 0, 0],
			"translation": [0.75, 12.5, 2],
			"scale": [0.85, 0.85, 0.85]
		},
		"firstperson_righthand": {
			"rotation": [30, 90, 0],
			"translation": [1.25, 2.25, 0.75],
			"scale": [0.6, 0.6, 0.6]
		},
		"firstperson_lefthand": {
			"rotation": [30, 90, 0],
			"translation": [1.25, 3.75, 0.75],
			"scale": [0.6, 0.6, 0.6]
		},
		"ground": {
			"scale": [0, 0, 0]
		},
		"gui": {
			"rotation": [15, -15, -36],
			"translation": [0, 0.5, 0],
			"scale": [0.5, 0.5, 0.5]
		},
		"head": {
			"scale": [0, 0, 0]
		},
		"fixed": {
			"scale": [0, 0, 0]
		}
	}
}