{
	"texture_size": [64, 64],
	"textures": {
		"0": "item/skin_weapon_1",
		"particle": "item/skin_weapon_1"
	},
	"elements": [
		{
			"from": [7, 18.19822, 6],
			"to": [9, 24.19822, 10],
			"rotation": {"angle": 0, "axis": "y", "origin": [8, 8, 8]},
			"faces": {
				"north": {"uv": [7, 1.75, 7.5, 3.25], "texture": "#0"},
				"east": {"uv": [5.75, 3.25, 6.75, 4.75], "texture": "#0"},
				"south": {"uv": [1.25, 8.5, 1.75, 10], "texture": "#0"},
				"west": {"uv": [5.75, 4.75, 6.75, 6.25], "texture": "#0"},
				"up": {"uv": [1.25, 10.25, 0.75, 9.25], "texture": "#0"},
				"down": {"uv": [10.25, 0, 9.75, 1], "texture": "#0"}
			}
		},
		{
			"from": [6, 18.19822, 1],
			"to": [10, 24.19822, 6],
			"rotation": {"angle": 0, "axis": "y", "origin": [8, 8, 8]},
			"faces": {
				"north": {"uv": [6, 0, 7, 1.5], "texture": "#0"},
				"east": {"uv": [4.5, 5.25, 5.75, 6.75], "texture": "#0"},
				"south": {"uv": [5.75, 6.25, 6.75, 7.75], "texture": "#0"},
				"west": {"uv": [5.75, 1.75, 7, 3.25], "texture": "#0"},
				"up": {"uv": [4.5, 3, 3.5, 1.75], "texture": "#0"},
				"down": {"uv": [8.75, 3.5, 7.75, 4.75], "texture": "#0"}
			}
		},
		{
			"from": [5.5, 17.69822, 2],
			"to": [10.5, 24.69822, 5],
			"rotation": {"angle": 0, "axis": "y", "origin": [8, 8, 8]},
			"faces": {
				"north": {"uv": [2, 3, 3.25, 4.75], "texture": "#0"},
				"east": {"uv": [7.5, 4.75, 8.25, 6.5], "texture": "#0"},
				"south": {"uv": [3.25, 3, 4.5, 4.75], "texture": "#0"},
				"west": {"uv": [7.5, 6.5, 8.25, 8.25], "texture": "#0"},
				"up": {"uv": [9.5, 5.5, 8.25, 4.75], "texture": "#0"},
				"down": {"uv": [9.5, 5.5, 8.25, 6.25], "texture": "#0"}
			}
		},
		{
			"from": [5.5, 17.69822, -1.5],
			"to": [10.5, 24.69822, 1.5],
			"rotation": {"angle": 0, "axis": "y", "origin": [8, 8, 8]},
			"faces": {
				"north": {"uv": [3.5, 0, 4.75, 1.75], "texture": "#0"},
				"east": {"uv": [7.75, 0, 8.5, 1.75], "texture": "#0"},
				"south": {"uv": [4.5, 1.75, 5.75, 3.5], "texture": "#0"},
				"west": {"uv": [7.75, 1.75, 8.5, 3.5], "texture": "#0"},
				"up": {"uv": [9.5, 7, 8.25, 6.25], "texture": "#0"},
				"down": {"uv": [7.75, 8.25, 6.5, 9], "texture": "#0"}
			}
		},
		{
			"from": [5.5, 17.69822, 14.5],
			"to": [10.5, 24.69822, 17.5],
			"rotation": {"angle": 0, "axis": "y", "origin": [8, 8, 8]},
			"faces": {
				"north": {"uv": [2, 4.75, 3.25, 6.5], "texture": "#0"},
				"east": {"uv": [2.75, 8, 3.5, 9.75], "texture": "#0"},
				"south": {"uv": [3.25, 4.75, 4.5, 6.5], "texture": "#0"},
				"west": {"uv": [3.5, 8.25, 4.25, 10], "texture": "#0"},
				"up": {"uv": [1.25, 9.25, 0, 8.5], "texture": "#0"},
				"down": {"uv": [9.75, 0, 8.5, 0.75], "texture": "#0"}
			}
		},
		{
			"from": [5.5, 17.69822, 11],
			"to": [10.5, 24.69822, 14],
			"rotation": {"angle": 0, "axis": "y", "origin": [8, 8, 8]},
			"faces": {
				"north": {"uv": [4.5, 3.5, 5.75, 5.25], "texture": "#0"},
				"east": {"uv": [5.75, 7.75, 6.5, 9.5], "texture": "#0"},
				"south": {"uv": [4.75, 0, 6, 1.75], "texture": "#0"},
				"west": {"uv": [2, 8, 2.75, 9.75], "texture": "#0"},
				"up": {"uv": [9.5, 7.75, 8.25, 7], "texture": "#0"},
				"down": {"uv": [9, 8.25, 7.75, 9], "texture": "#0"}
			}
		},
		{
			"from": [6, 18.19822, 10],
			"to": [10, 24.19822, 16],
			"rotation": {"angle": 0, "axis": "y", "origin": [8, 8, 8]},
			"faces": {
				"north": {"uv": [2, 6.5, 3, 8], "texture": "#0"},
				"east": {"uv": [2, 0, 3.5, 1.5], "texture": "#0"},
				"south": {"uv": [3, 6.5, 4, 8], "texture": "#0"},
				"west": {"uv": [2, 1.5, 3.5, 3], "texture": "#0"},
				"up": {"uv": [7.75, 4.75, 6.75, 3.25], "texture": "#0"},
				"down": {"uv": [5, 6.75, 4, 8.25], "texture": "#0"}
			}
		},
		{
			"from": [6.75, 17.69822, 6.75],
			"to": [9.25, 24.69822, 9.25],
			"rotation": {"angle": 0, "axis": "y", "origin": [8, 8, 8]},
			"faces": {
				"north": {"uv": [7, 0, 7.75, 1.75], "texture": "#0"},
				"east": {"uv": [7, 0, 7.75, 1.75], "texture": "#0"},
				"south": {"uv": [7, 0, 7.75, 1.75], "texture": "#0"},
				"west": {"uv": [7, 0, 7.75, 1.75], "texture": "#0"},
				"up": {"uv": [5, 10, 4.25, 9.25], "texture": "#0"},
				"down": {"uv": [5.75, 9.25, 5, 10], "texture": "#0"}
			}
		},
		{
			"from": [6.75, -7.30178, 6.75],
			"to": [9.25, -4.30178, 9.25],
			"rotation": {"angle": 0, "axis": "y", "origin": [8, 8, 8]},
			"faces": {
				"north": {"uv": [9.5, 2.25, 10.25, 3], "texture": "#0"},
				"east": {"uv": [9.5, 4.5, 10.25, 5.25], "texture": "#0"},
				"south": {"uv": [9.5, 5.25, 10.25, 6], "texture": "#0"},
				"west": {"uv": [5.75, 9.5, 6.5, 10.25], "texture": "#0"},
				"up": {"uv": [10.25, 6.75, 9.5, 6], "texture": "#0"},
				"down": {"uv": [7.25, 9.5, 6.5, 10.25], "texture": "#0"}
			}
		},
		{
			"from": [6.75, 13.69822, 6.75],
			"to": [9.25, 16.69822, 9.25],
			"rotation": {"angle": 0, "axis": "y", "origin": [8, 8, 8]},
			"faces": {
				"north": {"uv": [9.5, 6.75, 10.25, 7.5], "texture": "#0"},
				"east": {"uv": [7.25, 9.5, 8, 10.25], "texture": "#0"},
				"south": {"uv": [9.5, 7.5, 10.25, 8.25], "texture": "#0"},
				"west": {"uv": [8, 9.5, 8.75, 10.25], "texture": "#0"},
				"up": {"uv": [9.5, 10.25, 8.75, 9.5], "texture": "#0"},
				"down": {"uv": [10.25, 9.5, 9.5, 10.25], "texture": "#0"}
			}
		},
		{
			"from": [5.75, 16.00933, 16.00933],
			"to": [10.25, 18.00933, 19.00933],
			"rotation": {"angle": -45, "axis": "x", "origin": [8, 8, 8]},
			"faces": {
				"north": {"uv": [8.25, 7.75, 9.5, 8.25], "texture": "#0"},
				"east": {"uv": [9.75, 1, 10.5, 1.5], "texture": "#0"},
				"south": {"uv": [6.5, 9, 7.75, 9.5], "texture": "#0"},
				"west": {"uv": [9.75, 1.5, 10.5, 2], "texture": "#0"},
				"up": {"uv": [9.75, 1.5, 8.5, 0.75], "texture": "#0"},
				"down": {"uv": [9.75, 1.5, 8.5, 2.25], "texture": "#0"}
			}
		},
		{
			"from": [5.75, 18.00933, 16.00933],
			"to": [10.25, 19.00933, 18.00933],
			"rotation": {"angle": -45, "axis": "x", "origin": [8, 8, 8]},
			"faces": {
				"north": {"uv": [1.75, 9.75, 3, 10], "texture": "#0"},
				"east": {"uv": [6, 1.5, 6.5, 1.75], "texture": "#0"},
				"south": {"uv": [9.75, 2, 11, 2.25], "texture": "#0"},
				"west": {"uv": [6.5, 1.5, 7, 1.75], "texture": "#0"},
				"up": {"uv": [9, 9.5, 7.75, 9], "texture": "#0"},
				"down": {"uv": [10.25, 8.25, 9, 8.75], "texture": "#0"}
			}
		},
		{
			"from": [7, -8.30178, 7],
			"to": [9, 25.69822, 9],
			"rotation": {"angle": 0, "axis": "y", "origin": [8, 8, 8]},
			"faces": {
				"north": {"uv": [11.25, 0, 11.75, 8.5], "texture": "#0"},
				"east": {"uv": [11.75, 0, 12.25, 8.5], "texture": "#0"},
				"south": {"uv": [12.25, 0, 12.75, 8.5], "texture": "#0"},
				"west": {"uv": [12.75, 0, 13.25, 8.5], "texture": "#0"},
				"up": {"uv": [13.75, 0.5, 13.25, 0], "texture": "#0"},
				"down": {"uv": [13.75, 0.5, 13.25, 1], "texture": "#0"}
			}
		}
	],
	"gui_light": "front",
	"display": {
		"thirdperson_righthand": {
			"translation": [0, 4, 1.25],
			"scale": [0.7, 0.7, 0.7]
		},
		"thirdperson_lefthand": {
			"translation": [0, 4, 1.25],
			"scale": [0.7, 0.7, 0.7]
		},
		"firstperson_righthand": {
			"rotation": [15, 5, 0],
			"translation": [0.25, 3.25, 2],
			"scale": [0.6, 0.6, 0.6]
		},
		"firstperson_lefthand": {
			"rotation": [15, 5, 0],
			"translation": [0.25, 3.25, 2],
			"scale": [0.6, 0.6, 0.6]
		},
		"ground": {
			"scale": [0, 0, 0]
		},
		"gui": {
			"rotation": [90, 45, -90],
			"translation": [-1.5, -1.5, 0],
			"scale": [0.5, 0.5, 0.5]
		},
		"head": {
			"scale": [0, 0, 0]
		},
		"fixed": {
			"scale": [0, 0, 0]
		}
	}
}