{
	"credit": "Made with Blockbench",
	"texture_size": [32, 32],
	"textures": {
		"2": "item/skin_weapon_3"
	},
	"elements": [
		{
			"from": [7, -2, 7.25],
			"to": [9, 9, 9.25],
			"rotation": {"angle": 0, "axis": "y", "origin": [8, 8.25, 8]},
			"faces": {
				"north": {"uv": [1, 9, 0, 14.5], "texture": "#2"},
				"east": {"uv": [0, 9, 1, 14.5], "texture": "#2"},
				"south": {"uv": [1, 9, 0, 14.5], "texture": "#2"},
				"west": {"uv": [0, 9, 1, 14.5], "texture": "#2"},
				"up": {"uv": [11, 1, 10, 0], "rotation": 270, "texture": "#2"},
				"down": {"uv": [11, 1, 10, 2], "rotation": 90, "texture": "#2"}
			}
		},
		{
			"from": [8, 10, -1.25],
			"to": [8, 28, 8.75],
			"rotation": {"angle": 0, "axis": "y", "origin": [8, 8.25, 8]},
			"faces": {
				"north": {"uv": [0, 0, 0, 9], "texture": "#2"},
				"east": {"uv": [5, 0, 0, 9], "texture": "#2"},
				"south": {"uv": [0, 0, 0, 9], "texture": "#2"},
				"west": {"uv": [0, 0, 5, 9], "texture": "#2"},
				"up": {"uv": [5, 0, 0, 0], "rotation": 270, "texture": "#2"},
				"down": {"uv": [5, 0, 0, 0], "rotation": 90, "texture": "#2"}
			}
		},
		{
			"from": [6.75, 9, 7],
			"to": [9.25, 10, 9.5],
			"rotation": {"angle": 0, "axis": "y", "origin": [8, 8.25, 8]},
			"faces": {
				"north": {"uv": [11.5, 2, 10, 2.5], "texture": "#2"},
				"east": {"uv": [10, 2, 11.5, 2.5], "texture": "#2"},
				"south": {"uv": [11.5, 2, 10, 2.5], "texture": "#2"},
				"west": {"uv": [10, 2, 11.5, 2.5], "texture": "#2"},
				"up": {"uv": [5.5, 10.5, 4, 9], "rotation": 270, "texture": "#2"},
				"down": {"uv": [7, 9, 5.5, 10.5], "rotation": 90, "texture": "#2"}
			}
		},
		{
			"from": [6.75, -3, 7],
			"to": [9.25, -2, 9.5],
			"rotation": {"angle": 0, "axis": "y", "origin": [8, 8.25, 8]},
			"faces": {
				"north": {"uv": [11.5, 4, 10, 4.5], "texture": "#2"},
				"east": {"uv": [10, 4, 11.5, 4.5], "texture": "#2"},
				"south": {"uv": [11.5, 4, 10, 4.5], "texture": "#2"},
				"west": {"uv": [10, 4, 11.5, 4.5], "texture": "#2"},
				"up": {"uv": [8.5, 10.5, 7, 9], "rotation": 270, "texture": "#2"},
				"down": {"uv": [10, 9, 8.5, 10.5], "rotation": 90, "texture": "#2"}
			}
		}
	],
	"gui_light": "front",
	"display": {
		"thirdperson_righthand": {
			"translation": [0, 2.5, 1.5],
			"scale": [0.8, 0.8, 0.8]
		},
		"thirdperson_lefthand": {
			"translation": [0, 2.5, 1.5],
			"scale": [0.8, 0.8, 0.8]
		},
		"firstperson_righthand": {
			"rotation": [25, 0, 0],
			"translation": [0, 2, 0],
			"scale": [0.8, 0.8, 0.8]
		},
		"firstperson_lefthand": {
			"rotation": [25, 0, 0],
			"translation": [0, 2, 0],
			"scale": [0.8, 0.8, 0.8]
		},
		"ground": {
			"scale": [0, 0, 0]
		},
		"gui": {
			"rotation": [-115, -35, -135],
			"translation": [-1, -0.5, 0],
			"scale": [0.65, 0.65, 0.65]
		},
		"head": {
			"scale": [0, 0, 0]
		},
		"fixed": {
			"scale": [0, 0, 0]
		}
	}
}