{
	"texture_size": [32, 32],
	"textures": {
		"0": "item/skin_weapon_2",
		"particle": "item/skin_weapon_2"
	},
	"elements": [
		{
			"from": [7, -0.30178, 7.5],
			"to": [9, 25.69822, 9],
			"rotation": {"angle": 0, "axis": "y", "origin": [8, 8, 8]},
			"faces": {
				"north": {"uv": [0, 0, 1, 13], "texture": "#0"},
				"east": {"uv": [1, 0, 2, 13], "texture": "#0"},
				"south": {"uv": [2, 0, 3, 13], "texture": "#0"},
				"west": {"uv": [3, 0, 4, 13], "texture": "#0"},
				"up": {"uv": [6, 4, 5, 3], "texture": "#0"},
				"down": {"uv": [6, 4, 5, 5], "texture": "#0"}
			}
		},
		{
			"from": [7, 25.27852, 6.39001],
			"to": [9, 28.27852, 7.89001],
			"rotation": {"angle": -22.5, "axis": "x", "origin": [8, 28.27852, 7.39001]},
			"faces": {
				"north": {"uv": [4, 0, 5, 1.5], "texture": "#0"},
				"east": {"uv": [4, 1.5, 5, 3], "texture": "#0"},
				"south": {"uv": [4, 3, 5, 4.5], "texture": "#0"},
				"west": {"uv": [4, 4.5, 5, 6], "texture": "#0"},
				"up": {"uv": [6, 6, 5, 5], "texture": "#0"},
				"down": {"uv": [7, 0, 6, 1], "texture": "#0"}
			}
		},
		{
			"from": [7, -3.73791, 3.80742],
			"to": [9, -0.73791, 5.30742],
			"rotation": {"angle": -22.5, "axis": "x", "origin": [8, 8.76209, 4.55742]},
			"faces": {
				"north": {"uv": [5, 0, 6, 1.5], "texture": "#0"},
				"east": {"uv": [6, 1, 6.5, 2.5], "texture": "#0"},
				"south": {"uv": [5, 1.5, 6, 3], "texture": "#0"},
				"west": {"uv": [6, 2.5, 6.5, 4], "texture": "#0"},
				"up": {"uv": [5, 6.5, 4, 6], "texture": "#0"},
				"down": {"uv": [7, 4, 6, 4.5], "texture": "#0"}
			}
		}
	],
	"gui_light": "front",
	"display": {
		"thirdperson_righthand": {
			"translation": [0, 0.75, 1],
			"scale": [0.7, 0.7, 0.7]
		},
		"thirdperson_lefthand": {
			"translation": [0, 0.75, 1],
			"scale": [0.7, 0.7, 0.7]
		},
		"firstperson_righthand": {
			"rotation": [12, 20, -5],
			"translation": [-0.25, 3.7, 2.5],
			"scale": [0.5, 0.5, 0.5]
		},
		"firstperson_lefthand": {
			"rotation": [12, 20, -5],
			"translation": [-0.25, 3.7, 2.5],
			"scale": [0.5, 0.5, 0.5]
		},
		"ground": {
			"scale": [0, 0, 0]
		},
		"gui": {
			"rotation": [90, 40, -90],
			"translation": [-2, -1.75, 0],
			"scale": [0.6, 0.6, 0.6]
		},
		"head": {
			"scale": [0, 0, 0]
		},
		"fixed": {
			"scale": [0, 0, 0]
		}
	}
}