{
	"texture_size": [32, 32],
	"textures": {
		"0": "item/skin_weapon_6",
		"particle": "item/skin_weapon_6"
	},
	"elements": [
		{
			"from": [6.25, -11.0625, 6.25],
			"to": [9.75, -8.0625, 9.75],
			"rotation": {"angle": 0, "axis": "y", "origin": [8, 13.5625, 8]},
			"faces": {
				"north": {"uv": [13, 6.5, 15, 8], "texture": "#0"},
				"east": {"uv": [13, 6.5, 15, 8], "texture": "#0"},
				"south": {"uv": [13, 6.5, 15, 8], "texture": "#0"},
				"west": {"uv": [13, 6.5, 15, 8], "texture": "#0"},
				"up": {"uv": [13, 2, 11, 0], "texture": "#0"},
				"down": {"uv": [13, 2, 11, 4], "texture": "#0"}
			}
		},
		{
			"from": [6.25, 4.9375, 6.25],
			"to": [9.75, 8.9375, 9.75],
			"rotation": {"angle": 0, "axis": "y", "origin": [8, 13.5625, 8]},
			"faces": {
				"north": {"uv": [2, 11.5, 4, 13.5], "texture": "#0"},
				"east": {"uv": [2, 11.5, 4, 13.5], "texture": "#0"},
				"south": {"uv": [2, 11.5, 4, 13.5], "texture": "#0"},
				"west": {"uv": [2, 11.5, 4, 13.5], "texture": "#0"},
				"up": {"uv": [4, 13.5, 2, 11.5], "texture": "#0"},
				"down": {"uv": [4, 9.5, 2, 11.5], "texture": "#0"}
			}
		},
		{
			"from": [6.5, -8.0625, 6.5],
			"to": [9.5, 5.9375, 9.5],
			"rotation": {"angle": 0, "axis": "y", "origin": [8, 13.5625, 8]},
			"faces": {
				"north": {"uv": [9.5, 7, 11, 14], "texture": "#0"},
				"east": {"uv": [9.5, 7, 11, 14], "texture": "#0"},
				"south": {"uv": [9.5, 7, 11, 14], "texture": "#0"},
				"west": {"uv": [9.5, 7, 11, 14], "texture": "#0"},
				"up": {"uv": [1.5, 15, 0, 13.5], "texture": "#0"},
				"down": {"uv": [3, 13.5, 1.5, 15], "texture": "#0"}
			}
		},
		{
			"from": [6, -13.0625, 6],
			"to": [10, -10.0625, 10],
			"rotation": {"angle": 0, "axis": "y", "origin": [8, 13.5625, 8]},
			"faces": {
				"north": {"uv": [13, 12.5, 15, 14], "texture": "#0"},
				"east": {"uv": [13, 12.5, 15, 14], "texture": "#0"},
				"south": {"uv": [13, 12.5, 15, 14], "texture": "#0"},
				"west": {"uv": [13, 12.5, 15, 14], "texture": "#0"},
				"up": {"uv": [13, 6, 11, 4], "texture": "#0"},
				"down": {"uv": [13, 6, 11, 8], "texture": "#0"}
			}
		},
		{
			"from": [6, 6.9375, 6],
			"to": [10, 29.9375, 10],
			"rotation": {"angle": 0, "axis": "y", "origin": [8, 13.5625, 8]},
			"faces": {
				"north": {"uv": [6, 0, 8, 11.5], "texture": "#0"},
				"east": {"uv": [6, 0, 8, 11.5], "texture": "#0"},
				"south": {"uv": [6, 0, 8, 11.5], "texture": "#0"},
				"west": {"uv": [6, 0, 8, 11.5], "texture": "#0"},
				"up": {"uv": [13, 14, 11, 12], "texture": "#0"},
				"down": {"uv": [15, 0, 13, 2], "texture": "#0"}
			}
		},
		{
			"from": [8, 27.0625, 4],
			"to": [8, 28.0625, 12],
			"rotation": {"angle": 0, "axis": "y", "origin": [8, 21.5625, 8]},
			"faces": {
				"north": {"uv": [0, 0, 0, 0.5], "texture": "#0"},
				"east": {"uv": [3, 14, 7, 14.5], "texture": "#0"},
				"south": {"uv": [0, 0, 0, 0.5], "texture": "#0"},
				"west": {"uv": [3, 14, 7, 14.5], "texture": "#0"},
				"up": {"uv": [0, 4, 0, 0], "texture": "#0"},
				"down": {"uv": [0, 0, 0, 4], "texture": "#0"}
			}
		},
		{
			"from": [7.5, 27.5625, 4],
			"to": [8.5, 27.5625, 12],
			"rotation": {"angle": 0, "axis": "y", "origin": [8, 21.5625, 8]},
			"faces": {
				"north": {"uv": [0, 0, 0, 0.5], "rotation": 90, "texture": "#0"},
				"east": {"uv": [0, 0, 0, 4], "rotation": 270, "texture": "#0"},
				"south": {"uv": [0, 0, 0, 0.5], "rotation": 270, "texture": "#0"},
				"west": {"uv": [0, 4, 0, 0], "rotation": 270, "texture": "#0"},
				"up": {"uv": [3, 14, 7, 14.5], "rotation": 270, "texture": "#0"},
				"down": {"uv": [3, 14, 7, 14.5], "rotation": 270, "texture": "#0"}
			}
		},
		{
			"from": [7.5, 19.5625, 4],
			"to": [8.5, 19.5625, 12],
			"rotation": {"angle": 0, "axis": "y", "origin": [8, 21.5625, 8]},
			"faces": {
				"north": {"uv": [0, 0, 0, 0.5], "rotation": 90, "texture": "#0"},
				"east": {"uv": [0, 0, 0, 4], "rotation": 270, "texture": "#0"},
				"south": {"uv": [0, 0, 0, 0.5], "rotation": 270, "texture": "#0"},
				"west": {"uv": [0, 4, 0, 0], "rotation": 270, "texture": "#0"},
				"up": {"uv": [3, 14, 7, 14.5], "rotation": 270, "texture": "#0"},
				"down": {"uv": [3, 14, 7, 14.5], "rotation": 270, "texture": "#0"}
			}
		},
		{
			"from": [8, 19.0625, 4],
			"to": [8, 20.0625, 12],
			"rotation": {"angle": 0, "axis": "y", "origin": [8, 21.5625, 8]},
			"faces": {
				"north": {"uv": [0, 0, 0, 0.5], "texture": "#0"},
				"east": {"uv": [3, 14, 7, 14.5], "texture": "#0"},
				"south": {"uv": [0, 0, 0, 0.5], "texture": "#0"},
				"west": {"uv": [3, 14, 7, 14.5], "texture": "#0"},
				"up": {"uv": [0, 4, 0, 0], "texture": "#0"},
				"down": {"uv": [0, 0, 0, 4], "texture": "#0"}
			}
		},
		{
			"from": [4, 23.0625, 8],
			"to": [12, 24.0625, 8],
			"rotation": {"angle": 0, "axis": "y", "origin": [8, 21.5625, 8]},
			"faces": {
				"north": {"uv": [3, 14, 7, 14.5], "texture": "#0"},
				"east": {"uv": [0, 0, 0, 0.5], "texture": "#0"},
				"south": {"uv": [3, 14, 7, 14.5], "texture": "#0"},
				"west": {"uv": [0, 0, 0, 0.5], "texture": "#0"},
				"up": {"uv": [0, 4, 0, 0], "rotation": 90, "texture": "#0"},
				"down": {"uv": [0, 0, 0, 4], "rotation": 270, "texture": "#0"}
			}
		},
		{
			"from": [4, 23.5625, 7.5],
			"to": [12, 23.5625, 8.5],
			"rotation": {"angle": 0, "axis": "y", "origin": [8, 21.5625, 8]},
			"faces": {
				"north": {"uv": [0, 4, 0, 0], "rotation": 270, "texture": "#0"},
				"east": {"uv": [0, 0, 0, 0.5], "rotation": 90, "texture": "#0"},
				"south": {"uv": [0, 0, 0, 4], "rotation": 270, "texture": "#0"},
				"west": {"uv": [0, 0, 0, 0.5], "rotation": 270, "texture": "#0"},
				"up": {"uv": [3, 14, 7, 14.5], "texture": "#0"},
				"down": {"uv": [3, 14, 7, 14.5], "rotation": 180, "texture": "#0"}
			}
		},
		{
			"from": [4, 15.0625, 8],
			"to": [12, 16.0625, 8],
			"rotation": {"angle": 0, "axis": "y", "origin": [8, 21.5625, 8]},
			"faces": {
				"north": {"uv": [3, 14, 7, 14.5], "texture": "#0"},
				"east": {"uv": [0, 0, 0, 0.5], "texture": "#0"},
				"south": {"uv": [3, 14, 7, 14.5], "texture": "#0"},
				"west": {"uv": [0, 0, 0, 0.5], "texture": "#0"},
				"up": {"uv": [0, 4, 0, 0], "rotation": 90, "texture": "#0"},
				"down": {"uv": [0, 0, 0, 4], "rotation": 270, "texture": "#0"}
			}
		},
		{
			"from": [4, 15.5625, 7.5],
			"to": [12, 15.5625, 8.5],
			"rotation": {"angle": 0, "axis": "y", "origin": [8, 21.5625, 8]},
			"faces": {
				"north": {"uv": [0, 4, 0, 0], "rotation": 270, "texture": "#0"},
				"east": {"uv": [0, 0, 0, 0.5], "rotation": 90, "texture": "#0"},
				"south": {"uv": [0, 0, 0, 4], "rotation": 270, "texture": "#0"},
				"west": {"uv": [0, 0, 0, 0.5], "rotation": 270, "texture": "#0"},
				"up": {"uv": [3, 14, 7, 14.5], "texture": "#0"},
				"down": {"uv": [3, 14, 7, 14.5], "rotation": 180, "texture": "#0"}
			}
		},
		{
			"from": [4, 8.0625, 8],
			"to": [12, 9.0625, 8],
			"rotation": {"angle": 0, "axis": "y", "origin": [8, 21.5625, 8]},
			"faces": {
				"north": {"uv": [3, 14, 7, 14.5], "texture": "#0"},
				"east": {"uv": [0, 0, 0, 0.5], "texture": "#0"},
				"south": {"uv": [3, 14, 7, 14.5], "texture": "#0"},
				"west": {"uv": [0, 0, 0, 0.5], "texture": "#0"},
				"up": {"uv": [0, 4, 0, 0], "rotation": 90, "texture": "#0"},
				"down": {"uv": [0, 0, 0, 4], "rotation": 270, "texture": "#0"}
			}
		},
		{
			"from": [4, 8.5625, 7.5],
			"to": [12, 8.5625, 8.5],
			"rotation": {"angle": 0, "axis": "y", "origin": [8, 21.5625, 8]},
			"faces": {
				"north": {"uv": [0, 4, 0, 0], "rotation": 270, "texture": "#0"},
				"east": {"uv": [0, 0, 0, 0.5], "rotation": 90, "texture": "#0"},
				"south": {"uv": [0, 0, 0, 4], "rotation": 270, "texture": "#0"},
				"west": {"uv": [0, 0, 0, 0.5], "rotation": 270, "texture": "#0"},
				"up": {"uv": [3, 14, 7, 14.5], "texture": "#0"},
				"down": {"uv": [3, 14, 7, 14.5], "rotation": 180, "texture": "#0"}
			}
		},
		{
			"from": [7.5, 11.5625, 4],
			"to": [8.5, 11.5625, 12],
			"rotation": {"angle": 0, "axis": "y", "origin": [8, 27.5625, 8]},
			"faces": {
				"north": {"uv": [0, 0, 0, 0.5], "rotation": 90, "texture": "#0"},
				"east": {"uv": [0, 0, 0, 4], "rotation": 270, "texture": "#0"},
				"south": {"uv": [0, 0, 0, 0.5], "rotation": 270, "texture": "#0"},
				"west": {"uv": [0, 4, 0, 0], "rotation": 270, "texture": "#0"},
				"up": {"uv": [3, 14, 7, 14.5], "rotation": 270, "texture": "#0"},
				"down": {"uv": [3, 14, 7, 14.5], "rotation": 270, "texture": "#0"}
			}
		},
		{
			"from": [8, 11.0625, 4],
			"to": [8, 12.0625, 12],
			"rotation": {"angle": 0, "axis": "y", "origin": [8, 27.5625, 8]},
			"faces": {
				"north": {"uv": [0, 0, 0, 0.5], "texture": "#0"},
				"east": {"uv": [3, 14, 7, 14.5], "texture": "#0"},
				"south": {"uv": [0, 0, 0, 0.5], "texture": "#0"},
				"west": {"uv": [3, 14, 7, 14.5], "texture": "#0"},
				"up": {"uv": [0, 4, 0, 0], "texture": "#0"},
				"down": {"uv": [0, 0, 0, 4], "texture": "#0"}
			}
		}
	],
	"gui_light": "front",
	"display": {
		"thirdperson_righthand": {
			"translation": [0, 6.75, 1.75],
			"scale": [0.7, 0.7, 0.7]
		},
		"thirdperson_lefthand": {
			"translation": [0, 6.75, 1.75],
			"scale": [0.7, 0.7, 0.7]
		},
		"firstperson_righthand": {
			"rotation": [15, -5, 0],
			"translation": [1, 2.5, 1],
			"scale": [0.6, 0.6, 0.6]
		},
		"firstperson_lefthand": {
			"rotation": [15, -5, 0],
			"translation": [1, 2.5, 1],
			"scale": [0.6, 0.6, 0.6]
		},
		"ground": {
			"scale": [0, 0, 0]
		},
		"gui": {
			"rotation": [0, 0, -45],
			"scale": [0.45, 0.45, 0.45]
		},
		"head": {
			"scale": [0, 0, 0]
		},
		"fixed": {
			"scale": [0, 0, 0]
		}
	}
}