{
	"texture_size": [128, 128],
	"textures": {
		"0": "item/skin_head_1"
	},
	"elements": [
		{
			"from": [0, 0, 0],
			"to": [16, 13, 16],
			"faces": {
				"north": {"uv": [4.25, 3.25, 6.25, 4.875], "texture": "#0"},
				"east": {"uv": [4.25, 3.25, 6.25, 4.875], "texture": "#0"},
				"south": {"uv": [4.25, 3.25, 6.25, 4.875], "texture": "#0"},
				"west": {"uv": [4.25, 3.25, 6.25, 4.875], "texture": "#0"},
				"up": {"uv": [4.25, 2, 2.25, 0], "texture": "#0"},
				"down": {"uv": [4.25, 2, 2.25, 4], "texture": "#0"}
			}
		},
		{
			"from": [-1, 7, -1],
			"to": [17, 16, 17],
			"faces": {
				"north": {"uv": [6.25, 0, 8.5, 1.125], "texture": "#0"},
				"east": {"uv": [6.25, 0, 8.5, 1.125], "texture": "#0"},
				"south": {"uv": [6.25, 0, 8.5, 1.125], "texture": "#0"},
				"west": {"uv": [6.25, 0, 8.5, 1.125], "texture": "#0"},
				"up": {"uv": [2.25, 2.25, 0, 0], "texture": "#0"},
				"down": {"uv": [2.25, 2.25, 0, 4.5], "texture": "#0"}
			}
		},
		{
			"from": [-1.25, 7, 6],
			"to": [17.25, 16.25, 10.1],
			"faces": {
				"north": {"uv": [4.25, 4.875, 6.625, 6], "texture": "#0"},
				"east": {"uv": [1.375, 6.75, 1.875, 7.875], "texture": "#0"},
				"south": {"uv": [0, 5.625, 2.375, 6.75], "texture": "#0"},
				"west": {"uv": [1.375, 6.75, 1.875, 7.875], "texture": "#0"},
				"up": {"uv": [8.625, 1.625, 6.25, 1.125], "texture": "#0"},
				"down": {"uv": [8.625, 1.625, 6.25, 2.125], "texture": "#0"}
			}
		},
		{
			"from": [6, 7, -1.25],
			"to": [10, 16.25, 6],
			"rotation": {"angle": 0, "axis": "y", "origin": [8, 16.5, 8]},
			"faces": {
				"north": {"uv": [1.375, 6.75, 1.875, 7.875], "texture": "#0"},
				"east": {"uv": [6.25, 2.125, 7.125, 3.25], "texture": "#0"},
				"south": {"uv": [6.875, 5.5, 7.375, 6.625], "texture": "#0"},
				"west": {"uv": [6.25, 3.25, 7.125, 4.375], "texture": "#0"},
				"up": {"uv": [1.375, 6.75, 1.875, 7.875], "texture": "#0"},
				"down": {"uv": [3.375, 7.125, 2.875, 8], "texture": "#0"}
			}
		},
		{
			"from": [6, 7, 10],
			"to": [10, 16.25, 17.25],
			"rotation": {"angle": 0, "axis": "y", "origin": [8, 16.5, 8]},
			"faces": {
				"north": {"uv": [6.875, 6.625, 7.375, 7.75], "texture": "#0"},
				"east": {"uv": [6.625, 4.375, 7.5, 5.5], "texture": "#0"},
				"south": {"uv": [1.375, 6.75, 1.875, 7.875], "texture": "#0"},
				"west": {"uv": [0, 6.75, 0.875, 7.875], "texture": "#0"},
				"up": {"uv": [7.625, 4.125, 7.125, 3.25], "texture": "#0"},
				"down": {"uv": [3.875, 7.125, 3.375, 8], "texture": "#0"}
			}
		},
		{
			"from": [7, 8, 7.1],
			"to": [9, 17.25, 9.15],
			"rotation": {"angle": 0, "axis": "y", "origin": [8, 16.5, 8]},
			"faces": {
				"north": {"uv": [3.875, 7.125, 4.125, 8.25], "texture": "#0"},
				"east": {"uv": [4.125, 7.125, 4.375, 8.25], "texture": "#0"},
				"south": {"uv": [4.375, 7.125, 4.625, 8.25], "texture": "#0"},
				"west": {"uv": [4.625, 7.125, 4.875, 8.25], "texture": "#0"},
				"up": {"uv": [6.5, 4.875, 6.25, 4.625], "texture": "#0"},
				"down": {"uv": [6.875, 5.5, 6.625, 5.75], "texture": "#0"}
			}
		},
		{
			"from": [6.96737, 15.60321, 7.1],
			"to": [11.21737, 17.60321, 9.15],
			"rotation": {"angle": -45, "axis": "z", "origin": [7.99237, 20.80321, 8.125]},
			"faces": {
				"north": {"uv": [4.875, 7.125, 5.375, 7.375], "texture": "#0"},
				"east": {"uv": [6.625, 5.75, 6.875, 6], "texture": "#0"},
				"south": {"uv": [5.375, 7.125, 5.875, 7.375], "texture": "#0"},
				"west": {"uv": [4.875, 7.375, 5.125, 7.625], "texture": "#0"},
				"up": {"uv": [6.375, 7.375, 5.875, 7.125], "texture": "#0"},
				"down": {"uv": [6.875, 7.125, 6.375, 7.375], "texture": "#0"}
			}
		},
		{
			"from": [4.78263, 15.60321, 7.1],
			"to": [9.03263, 17.60321, 9.15],
			"rotation": {"angle": 45, "axis": "z", "origin": [8.00763, 20.80321, 8.125]},
			"faces": {
				"north": {"uv": [2.375, 5.625, 2.875, 5.875], "texture": "#0"},
				"east": {"uv": [3.875, 5.625, 4.125, 5.875], "texture": "#0"},
				"south": {"uv": [2.875, 5.625, 3.375, 5.875], "texture": "#0"},
				"west": {"uv": [6.25, 4.375, 6.5, 4.625], "texture": "#0"},
				"up": {"uv": [3.875, 5.875, 3.375, 5.625], "texture": "#0"},
				"down": {"uv": [7.625, 4.125, 7.125, 4.375], "texture": "#0"}
			}
		}
	],
	"gui_light": "front",
	"display": {
		"thirdperson_righthand": {
			"scale": [0, 0, 0]
		},
		"thirdperson_lefthand": {
			"scale": [0, 0, 0]
		},
		"firstperson_righthand": {
			"scale": [0, 0, 0]
		},
		"firstperson_lefthand": {
			"scale": [0, 0, 0]
		},
		"ground": {
			"scale": [0, 0, 0]
		},
		"gui": {
			"rotation": [30, 225, 0],
			"scale": [0.6, 0.6, 0.6]
		},
		"fixed": {
			"scale": [0, 0, 0]
		}
	}
}