{
	"texture_size": [64, 64],
	"textures": {
		"0": "item/skin_head_6"
	},
	"elements": [
		{
			"from": [2.5, 4.91551, 2.5],
			"to": [13.5, 6.91551, 13.5],
			"rotation": {"angle": 0, "axis": "y", "origin": [1.5, 4.91551, 11.5]},
			"faces": {
				"north": {"uv": [5, 6, 7.75, 6.5], "texture": "#0"},
				"east": {"uv": [5, 6, 7.75, 6.5], "texture": "#0"},
				"south": {"uv": [5, 6, 7.75, 6.5], "texture": "#0"},
				"west": {"uv": [5, 6, 7.75, 6.5], "texture": "#0"},
				"up": {"uv": [2.75, 2.75, 0, 0], "texture": "#0"},
				"down": {"uv": [2.75, 2.75, 0, 5.5], "texture": "#0"}
			}
		},
		{
			"from": [11.5, 6.66551, 2.75],
			"to": [12.5, 7.66551, 2.75],
			"rotation": {"angle": 0, "axis": "y", "origin": [8, 7.16551, 8]},
			"faces": {
				"north": {"uv": [2, 6.5, 2.5, 7], "texture": "#0"},
				"east": {"uv": [0, 0, 0, 0.5], "texture": "#0"},
				"south": {"uv": [6.5, 7, 7, 7.5], "texture": "#0"},
				"west": {"uv": [0, 0, 0, 0.5], "texture": "#0"},
				"up": {"uv": [0.5, 0, 0, 0], "texture": "#0"},
				"down": {"uv": [0.5, 0, 0, 0], "texture": "#0"}
			}
		},
		{
			"from": [9.5, 6.66551, 2.75],
			"to": [10.5, 7.66551, 2.75],
			"rotation": {"angle": 0, "axis": "y", "origin": [8, 7.16551, 8]},
			"faces": {
				"north": {"uv": [2, 6.5, 2.5, 7], "texture": "#0"},
				"east": {"uv": [0, 0, 0, 0.5], "texture": "#0"},
				"south": {"uv": [6.5, 7, 7, 7.5], "texture": "#0"},
				"west": {"uv": [0, 0, 0, 0.5], "texture": "#0"},
				"up": {"uv": [0.5, 0, 0, 0], "texture": "#0"},
				"down": {"uv": [0.5, 0, 0, 0], "texture": "#0"}
			}
		},
		{
			"from": [7.5, 6.66551, 2.75],
			"to": [8.5, 7.66551, 2.75],
			"rotation": {"angle": 0, "axis": "y", "origin": [8, 7.16551, 8]},
			"faces": {
				"north": {"uv": [2, 6.5, 2.5, 7], "texture": "#0"},
				"east": {"uv": [0, 0, 0, 0.5], "texture": "#0"},
				"south": {"uv": [6.5, 7, 7, 7.5], "texture": "#0"},
				"west": {"uv": [0, 0, 0, 0.5], "texture": "#0"},
				"up": {"uv": [0.5, 0, 0, 0], "texture": "#0"},
				"down": {"uv": [0.5, 0, 0, 0], "texture": "#0"}
			}
		},
		{
			"from": [3.5, 6.66551, 2.75],
			"to": [4.5, 7.66551, 2.75],
			"rotation": {"angle": 0, "axis": "y", "origin": [8, 7.16551, 8]},
			"faces": {
				"north": {"uv": [2, 6.5, 2.5, 7], "texture": "#0"},
				"east": {"uv": [0, 0, 0, 0.5], "texture": "#0"},
				"south": {"uv": [2, 6.5, 2.5, 7], "texture": "#0"},
				"west": {"uv": [0, 0, 0, 0.5], "texture": "#0"},
				"up": {"uv": [0.5, 0, 0, 0], "texture": "#0"},
				"down": {"uv": [0.5, 0, 0, 0], "texture": "#0"}
			}
		},
		{
			"from": [5.5, 6.66551, 2.75],
			"to": [6.5, 7.66551, 2.75],
			"rotation": {"angle": 0, "axis": "y", "origin": [8, 7.16551, 8]},
			"faces": {
				"north": {"uv": [2, 6.5, 2.5, 7], "texture": "#0"},
				"east": {"uv": [0, 0, 0, 0.5], "texture": "#0"},
				"south": {"uv": [6.5, 7, 7, 7.5], "texture": "#0"},
				"west": {"uv": [0, 0, 0, 0.5], "texture": "#0"},
				"up": {"uv": [0.5, 0, 0, 0], "texture": "#0"},
				"down": {"uv": [0.5, 0, 0, 0], "texture": "#0"}
			}
		},
		{
			"from": [3.5, 6.66551, 13.25],
			"to": [4.5, 7.66551, 13.25],
			"rotation": {"angle": 0, "axis": "y", "origin": [8, 7.16551, 8]},
			"faces": {
				"north": {"uv": [2, 6.5, 2.5, 7], "texture": "#0"},
				"east": {"uv": [0, 0, 0, 0.5], "texture": "#0"},
				"south": {"uv": [2, 6.5, 2.5, 7], "texture": "#0"},
				"west": {"uv": [0, 0, 0, 0.5], "texture": "#0"},
				"up": {"uv": [0.5, 0, 0, 0], "texture": "#0"},
				"down": {"uv": [0.5, 0, 0, 0], "texture": "#0"}
			}
		},
		{
			"from": [5.5, 6.66551, 13.25],
			"to": [6.5, 7.66551, 13.25],
			"rotation": {"angle": 0, "axis": "y", "origin": [8, 7.16551, 8]},
			"faces": {
				"north": {"uv": [2, 6.5, 2.5, 7], "texture": "#0"},
				"east": {"uv": [0, 0, 0, 0.5], "texture": "#0"},
				"south": {"uv": [2, 6.5, 2.5, 7], "texture": "#0"},
				"west": {"uv": [0, 0, 0, 0.5], "texture": "#0"},
				"up": {"uv": [0.5, 0, 0, 0], "texture": "#0"},
				"down": {"uv": [0.5, 0, 0, 0], "texture": "#0"}
			}
		},
		{
			"from": [7.5, 6.66551, 13.25],
			"to": [8.5, 7.66551, 13.25],
			"rotation": {"angle": 0, "axis": "y", "origin": [8, 7.16551, 8]},
			"faces": {
				"north": {"uv": [2, 6.5, 2.5, 7], "texture": "#0"},
				"east": {"uv": [0, 0, 0, 0.5], "texture": "#0"},
				"south": {"uv": [2, 6.5, 2.5, 7], "texture": "#0"},
				"west": {"uv": [0, 0, 0, 0.5], "texture": "#0"},
				"up": {"uv": [0.5, 0, 0, 0], "texture": "#0"},
				"down": {"uv": [0.5, 0, 0, 0], "texture": "#0"}
			}
		},
		{
			"from": [9.5, 6.66551, 13.25],
			"to": [10.5, 7.66551, 13.25],
			"rotation": {"angle": 0, "axis": "y", "origin": [8, 7.16551, 8]},
			"faces": {
				"north": {"uv": [2, 6.5, 2.5, 7], "texture": "#0"},
				"east": {"uv": [0, 0, 0, 0.5], "texture": "#0"},
				"south": {"uv": [2, 6.5, 2.5, 7], "texture": "#0"},
				"west": {"uv": [0, 0, 0, 0.5], "texture": "#0"},
				"up": {"uv": [0.5, 0, 0, 0], "texture": "#0"},
				"down": {"uv": [0.5, 0, 0, 0], "texture": "#0"}
			}
		},
		{
			"from": [11.5, 6.66551, 13.25],
			"to": [12.5, 7.66551, 13.25],
			"rotation": {"angle": 0, "axis": "y", "origin": [8, 7.16551, 8]},
			"faces": {
				"north": {"uv": [2, 6.5, 2.5, 7], "texture": "#0"},
				"east": {"uv": [0, 0, 0, 0.5], "texture": "#0"},
				"south": {"uv": [2, 6.5, 2.5, 7], "texture": "#0"},
				"west": {"uv": [0, 0, 0, 0.5], "texture": "#0"},
				"up": {"uv": [0.5, 0, 0, 0], "texture": "#0"},
				"down": {"uv": [0.5, 0, 0, 0], "texture": "#0"}
			}
		},
		{
			"from": [13.25, 6.66551, 11.5],
			"to": [13.25, 7.66551, 12.5],
			"rotation": {"angle": 0, "axis": "y", "origin": [8, 7.16551, 8]},
			"faces": {
				"north": {"uv": [0, 0, 0, 0.5], "texture": "#0"},
				"east": {"uv": [2, 6.5, 2.5, 7], "texture": "#0"},
				"south": {"uv": [0, 0, 0, 0.5], "texture": "#0"},
				"west": {"uv": [2, 6.5, 2.5, 7], "texture": "#0"},
				"up": {"uv": [0.5, 0, 0, 0], "rotation": 270, "texture": "#0"},
				"down": {"uv": [0.5, 0, 0, 0], "rotation": 90, "texture": "#0"}
			}
		},
		{
			"from": [13.25, 6.66551, 9.5],
			"to": [13.25, 7.66551, 10.5],
			"rotation": {"angle": 0, "axis": "y", "origin": [8, 7.16551, 8]},
			"faces": {
				"north": {"uv": [0, 0, 0, 0.5], "texture": "#0"},
				"east": {"uv": [2, 6.5, 2.5, 7], "texture": "#0"},
				"south": {"uv": [0, 0, 0, 0.5], "texture": "#0"},
				"west": {"uv": [2, 6.5, 2.5, 7], "texture": "#0"},
				"up": {"uv": [0.5, 0, 0, 0], "rotation": 270, "texture": "#0"},
				"down": {"uv": [0.5, 0, 0, 0], "rotation": 90, "texture": "#0"}
			}
		},
		{
			"from": [13.25, 6.66551, 7.5],
			"to": [13.25, 7.66551, 8.5],
			"rotation": {"angle": 0, "axis": "y", "origin": [8, 7.16551, 8]},
			"faces": {
				"north": {"uv": [0, 0, 0, 0.5], "texture": "#0"},
				"east": {"uv": [2, 6.5, 2.5, 7], "texture": "#0"},
				"south": {"uv": [0, 0, 0, 0.5], "texture": "#0"},
				"west": {"uv": [2, 6.5, 2.5, 7], "texture": "#0"},
				"up": {"uv": [0.5, 0, 0, 0], "rotation": 270, "texture": "#0"},
				"down": {"uv": [0.5, 0, 0, 0], "rotation": 90, "texture": "#0"}
			}
		},
		{
			"from": [13.25, 6.66551, 5.5],
			"to": [13.25, 7.66551, 6.5],
			"rotation": {"angle": 0, "axis": "y", "origin": [8, 7.16551, 8]},
			"faces": {
				"north": {"uv": [0, 0, 0, 0.5], "texture": "#0"},
				"east": {"uv": [2, 6.5, 2.5, 7], "texture": "#0"},
				"south": {"uv": [0, 0, 0, 0.5], "texture": "#0"},
				"west": {"uv": [2, 6.5, 2.5, 7], "texture": "#0"},
				"up": {"uv": [0.5, 0, 0, 0], "rotation": 270, "texture": "#0"},
				"down": {"uv": [0.5, 0, 0, 0], "rotation": 90, "texture": "#0"}
			}
		},
		{
			"from": [13.25, 6.66551, 3.5],
			"to": [13.25, 7.66551, 4.5],
			"rotation": {"angle": 0, "axis": "y", "origin": [8, 7.16551, 8]},
			"faces": {
				"north": {"uv": [0, 0, 0, 0.5], "texture": "#0"},
				"east": {"uv": [2, 6.5, 2.5, 7], "texture": "#0"},
				"south": {"uv": [0, 0, 0, 0.5], "texture": "#0"},
				"west": {"uv": [2, 6.5, 2.5, 7], "texture": "#0"},
				"up": {"uv": [0.5, 0, 0, 0], "rotation": 270, "texture": "#0"},
				"down": {"uv": [0.5, 0, 0, 0], "rotation": 90, "texture": "#0"}
			}
		},
		{
			"from": [2.75, 6.66551, 3.5],
			"to": [2.75, 7.66551, 4.5],
			"rotation": {"angle": 0, "axis": "y", "origin": [8, 7.16551, 8]},
			"faces": {
				"north": {"uv": [0, 0, 0, 0.5], "texture": "#0"},
				"east": {"uv": [6.5, 7, 7, 7.5], "texture": "#0"},
				"south": {"uv": [0, 0, 0, 0.5], "texture": "#0"},
				"west": {"uv": [2, 6.5, 2.5, 7], "texture": "#0"},
				"up": {"uv": [0.5, 0, 0, 0], "rotation": 270, "texture": "#0"},
				"down": {"uv": [0.5, 0, 0, 0], "rotation": 90, "texture": "#0"}
			}
		},
		{
			"from": [2.75, 6.66551, 5.5],
			"to": [2.75, 7.66551, 6.5],
			"rotation": {"angle": 0, "axis": "y", "origin": [8, 7.16551, 8]},
			"faces": {
				"north": {"uv": [0, 0, 0, 0.5], "texture": "#0"},
				"east": {"uv": [6.5, 7, 7, 7.5], "texture": "#0"},
				"south": {"uv": [0, 0, 0, 0.5], "texture": "#0"},
				"west": {"uv": [2, 6.5, 2.5, 7], "texture": "#0"},
				"up": {"uv": [0.5, 0, 0, 0], "rotation": 270, "texture": "#0"},
				"down": {"uv": [0.5, 0, 0, 0], "rotation": 90, "texture": "#0"}
			}
		},
		{
			"from": [2.75, 6.66551, 7.5],
			"to": [2.75, 7.66551, 8.5],
			"rotation": {"angle": 0, "axis": "y", "origin": [8, 7.16551, 8]},
			"faces": {
				"north": {"uv": [0, 0, 0, 0.5], "texture": "#0"},
				"east": {"uv": [6.5, 7, 7, 7.5], "texture": "#0"},
				"south": {"uv": [0, 0, 0, 0.5], "texture": "#0"},
				"west": {"uv": [2, 6.5, 2.5, 7], "texture": "#0"},
				"up": {"uv": [0.5, 0, 0, 0], "rotation": 270, "texture": "#0"},
				"down": {"uv": [0.5, 0, 0, 0], "rotation": 90, "texture": "#0"}
			}
		},
		{
			"from": [2.75, 6.66551, 9.5],
			"to": [2.75, 7.66551, 10.5],
			"rotation": {"angle": 0, "axis": "y", "origin": [8, 7.16551, 8]},
			"faces": {
				"north": {"uv": [0, 0, 0, 0.5], "texture": "#0"},
				"east": {"uv": [6.5, 7, 7, 7.5], "texture": "#0"},
				"south": {"uv": [0, 0, 0, 0.5], "texture": "#0"},
				"west": {"uv": [2, 6.5, 2.5, 7], "texture": "#0"},
				"up": {"uv": [0.5, 0, 0, 0], "rotation": 270, "texture": "#0"},
				"down": {"uv": [0.5, 0, 0, 0], "rotation": 90, "texture": "#0"}
			}
		},
		{
			"from": [2.75, 6.66551, 11.5],
			"to": [2.75, 7.66551, 12.5],
			"rotation": {"angle": 0, "axis": "y", "origin": [8, 7.16551, 8]},
			"faces": {
				"north": {"uv": [0, 0, 0, 0.5], "texture": "#0"},
				"east": {"uv": [2, 6.5, 2.5, 7], "texture": "#0"},
				"south": {"uv": [0, 0, 0, 0.5], "texture": "#0"},
				"west": {"uv": [2, 6.5, 2.5, 7], "texture": "#0"},
				"up": {"uv": [0.5, 0, 0, 0], "rotation": 270, "texture": "#0"},
				"down": {"uv": [0.5, 0, 0, 0], "rotation": 90, "texture": "#0"}
			}
		},
		{
			"from": [3, 6.91551, 3],
			"to": [13, 10.91551, 13],
			"rotation": {"angle": 0, "axis": "y", "origin": [2, 4.91551, 12]},
			"faces": {
				"north": {"uv": [5.25, 3, 7.75, 4], "texture": "#0"},
				"east": {"uv": [5.25, 3, 7.75, 4], "texture": "#0"},
				"south": {"uv": [5.25, 3, 7.75, 4], "texture": "#0"},
				"west": {"uv": [5.25, 3, 7.75, 4], "texture": "#0"},
				"up": {"uv": [5.25, 2.5, 2.75, 0], "texture": "#0"},
				"down": {"uv": [5.25, 2.5, 2.75, 5], "texture": "#0"}
			}
		},
		{
			"from": [-1.99581, 9.92178, 6],
			"to": [12.00419, 13.92178, 10],
			"rotation": {"angle": 22.5, "axis": "z", "origin": [10.00419, 12.92178, 8]},
			"faces": {
				"north": {"uv": [2.75, 5, 6.25, 6], "texture": "#0"},
				"east": {"uv": [0, 6.5, 1, 7.5], "texture": "#0"},
				"south": {"uv": [6.25, 5, 2.75, 6], "texture": "#0"},
				"west": {"uv": [1, 6.5, 2, 7.5], "texture": "#0"},
				"up": {"uv": [8.75, 2, 5.25, 1], "texture": "#0"},
				"down": {"uv": [8.75, 2, 5.25, 3], "texture": "#0"}
			}
		},
		{
			"from": [-3.15325, 7.71331, 6.5],
			"to": [-0.15325, 10.71331, 9.5],
			"rotation": {"angle": 0, "axis": "y", "origin": [-0.65325, 11.21331, 8]},
			"faces": {
				"north": {"uv": [2, 7, 2.75, 7.75], "texture": "#0"},
				"east": {"uv": [2.75, 7, 3.5, 7.75], "texture": "#0"},
				"south": {"uv": [3.5, 7, 4.25, 7.75], "texture": "#0"},
				"west": {"uv": [4.25, 7, 5, 7.75], "texture": "#0"},
				"up": {"uv": [5.75, 7.75, 5, 7], "texture": "#0"},
				"down": {"uv": [6.5, 7, 5.75, 7.75], "texture": "#0"}
			}
		}
	],
	"gui_light": "front",
	"display": {
		"thirdperson_righthand": {
			"scale": [0, 0, 0]
		},
		"thirdperson_lefthand": {
			"scale": [0, 0, 0]
		},
		"firstperson_righthand": {
			"scale": [0, 0, 0]
		},
		"firstperson_lefthand": {
			"scale": [0, 0, 0]
		},
		"ground": {
			"scale": [0, 0, 0]
		},
		"gui": {
			"rotation": [30, -135, 0],
			"scale": [0.8, 0.8, 0.8]
		},
		"head": {
			"translation": [0, 5, 0],
			"scale": [1.45, 1.45, 1.45]
		},
		"fixed": {
			"scale": [0, 0, 0]
		}
	}
}