{
	"texture_size": [32, 32],
	"textures": {
		"1": "item/skin_head_9"
	},
	"elements": [
		{
			"from": [1, -2.71239, 10.89195],
			"to": [3, 7.28761, 12.89195],
			"rotation": {"angle": 45, "axis": "z", "origin": [2, -1.71239, 11.89195]},
			"faces": {
				"north": {"uv": [0, 5, 1, 10], "texture": "#1"},
				"east": {"uv": [1, 5, 2, 10], "texture": "#1"},
				"south": {"uv": [2, 5, 3, 10], "texture": "#1"},
				"west": {"uv": [3, 5, 4, 10], "texture": "#1"},
				"up": {"uv": [14, 3, 13, 2], "texture": "#1"},
				"down": {"uv": [3.5, 13, 2.5, 14], "texture": "#1"}
			}
		},
		{
			"from": [2, -3.1266, 10.89195],
			"to": [4, 1.8734, 12.89195],
			"rotation": {"angle": 0, "axis": "y", "origin": [3, 1.8734, 11.89195]},
			"faces": {
				"north": {"uv": [8, 10.5, 9, 13], "texture": "#1"},
				"east": {"uv": [9, 10.5, 10, 13], "texture": "#1"},
				"south": {"uv": [11, 0, 12, 2.5], "texture": "#1"},
				"west": {"uv": [11, 2.5, 12, 5], "texture": "#1"},
				"up": {"uv": [10, 14, 9, 13], "texture": "#1"},
				"down": {"uv": [14, 10, 13, 11], "texture": "#1"}
			}
		},
		{
			"from": [2, -3.44462, 8.12419],
			"to": [4, 3.55538, 10.12419],
			"rotation": {"angle": -45, "axis": "x", "origin": [3, 0.05538, 9.12419]},
			"faces": {
				"north": {"uv": [8, 0, 9, 3.5], "texture": "#1"},
				"east": {"uv": [8, 3.5, 9, 7], "texture": "#1"},
				"south": {"uv": [8, 7, 9, 10.5], "texture": "#1"},
				"west": {"uv": [9, 0, 10, 3.5], "texture": "#1"},
				"up": {"uv": [14, 12, 13, 11], "texture": "#1"},
				"down": {"uv": [14, 12, 13, 13], "texture": "#1"}
			}
		},
		{
			"from": [2, 1.86224, 5.13878],
			"to": [4, 5.86224, 6.13878],
			"rotation": {"angle": -22.5, "axis": "x", "origin": [4.5, 3.86224, 5.63878]},
			"faces": {
				"north": {"uv": [12, 7.5, 13, 9.5], "texture": "#1"},
				"east": {"uv": [13, 13, 13.5, 15], "texture": "#1"},
				"south": {"uv": [12, 9.5, 13, 11.5], "texture": "#1"},
				"west": {"uv": [0, 13.5, 0.5, 15.5], "texture": "#1"},
				"up": {"uv": [15, 13.5, 14, 13], "texture": "#1"},
				"down": {"uv": [15, 13.5, 14, 14], "texture": "#1"}
			}
		},
		{
			"from": [2.5, 5.86224, 5.13878],
			"to": [3.5, 9.86224, 6.13878],
			"rotation": {"angle": -22.5, "axis": "x", "origin": [4.5, 3.86224, 5.63878]},
			"faces": {
				"north": {"uv": [13.5, 0, 14, 2], "texture": "#1"},
				"east": {"uv": [0.5, 13.5, 1, 15.5], "texture": "#1"},
				"south": {"uv": [13.5, 8, 14, 10], "texture": "#1"},
				"west": {"uv": [12, 13.5, 12.5, 15.5], "texture": "#1"},
				"up": {"uv": [15.5, 1, 15, 0.5], "texture": "#1"},
				"down": {"uv": [1.5, 15, 1, 15.5], "texture": "#1"}
			}
		},
		{
			"from": [-7.44329, 3.87043, 10.89195],
			"to": [-5.44329, 9.87043, 12.89195],
			"rotation": {"angle": 22.5, "axis": "z", "origin": [-6.44329, 9.87043, 11.89195]},
			"faces": {
				"north": {"uv": [1, 10, 2, 13], "texture": "#1"},
				"east": {"uv": [2, 10, 3, 13], "texture": "#1"},
				"south": {"uv": [3, 10, 4, 13], "texture": "#1"},
				"west": {"uv": [10, 3.5, 11, 6.5], "texture": "#1"},
				"up": {"uv": [14, 4, 13, 3], "texture": "#1"},
				"down": {"uv": [4.5, 13, 3.5, 14], "texture": "#1"}
			}
		},
		{
			"from": [-7.36717, 9.48774, 10.89195],
			"to": [-5.36717, 11.48774, 12.89195],
			"rotation": {"angle": 0, "axis": "y", "origin": [-6.36717, 12.48774, 11.89195]},
			"faces": {
				"north": {"uv": [13, 4, 14, 5], "texture": "#1"},
				"east": {"uv": [4.5, 13, 5.5, 14], "texture": "#1"},
				"south": {"uv": [13, 5, 14, 6], "texture": "#1"},
				"west": {"uv": [5.5, 13, 6.5, 14], "texture": "#1"},
				"up": {"uv": [14, 7, 13, 6], "texture": "#1"},
				"down": {"uv": [14, 7, 13, 8], "texture": "#1"}
			}
		},
		{
			"from": [-3.49255, 14.6266, 11.39195],
			"to": [-2.49255, 18.6266, 12.39195],
			"rotation": {"angle": -45, "axis": "z", "origin": [-2.99255, 16.6266, 11.89195]},
			"faces": {
				"north": {"uv": [6.5, 13, 7, 15], "texture": "#1"},
				"east": {"uv": [8, 13, 8.5, 15], "texture": "#1"},
				"south": {"uv": [13, 8, 13.5, 10], "texture": "#1"},
				"west": {"uv": [8.5, 13, 9, 15], "texture": "#1"},
				"up": {"uv": [15, 15, 14.5, 14.5], "texture": "#1"},
				"down": {"uv": [15.5, 0, 15, 0.5], "texture": "#1"}
			}
		},
		{
			"from": [-5.94642, 10.60296, 10.89195],
			"to": [-4.94642, 15.60296, 12.89195],
			"rotation": {"angle": -22.5, "axis": "z", "origin": [-5.44642, 12.60296, 12.39195]},
			"faces": {
				"north": {"uv": [7, 12.5, 7.5, 15], "texture": "#1"},
				"east": {"uv": [7, 10, 8, 12.5], "texture": "#1"},
				"south": {"uv": [7.5, 12.5, 8, 15], "texture": "#1"},
				"west": {"uv": [10, 9.5, 11, 12], "texture": "#1"},
				"up": {"uv": [6.5, 15, 6, 14], "texture": "#1"},
				"down": {"uv": [14.5, 12, 14, 13], "texture": "#1"}
			}
		},
		{
			"from": [13, -2.71239, 10.89195],
			"to": [15, 7.28761, 12.89195],
			"rotation": {"angle": -45, "axis": "z", "origin": [14, -1.71239, 11.89195]},
			"faces": {
				"north": {"uv": [4, 5, 5, 10], "texture": "#1"},
				"east": {"uv": [5, 5, 6, 10], "texture": "#1"},
				"south": {"uv": [6, 5, 7, 10], "texture": "#1"},
				"west": {"uv": [7, 5, 8, 10], "texture": "#1"},
				"up": {"uv": [15, 11, 14, 10], "texture": "#1"},
				"down": {"uv": [15, 11, 14, 12], "texture": "#1"}
			}
		},
		{
			"from": [21.44329, 3.87043, 10.89195],
			"to": [23.44329, 9.87043, 12.89195],
			"rotation": {"angle": -22.5, "axis": "z", "origin": [22.44329, 9.87043, 11.89195]},
			"faces": {
				"north": {"uv": [4, 10, 5, 13], "texture": "#1"},
				"east": {"uv": [5, 10, 6, 13], "texture": "#1"},
				"south": {"uv": [6, 10, 7, 13], "texture": "#1"},
				"west": {"uv": [10, 6.5, 11, 9.5], "texture": "#1"},
				"up": {"uv": [15, 10, 14, 9], "texture": "#1"},
				"down": {"uv": [11, 14, 10, 15], "texture": "#1"}
			}
		},
		{
			"from": [21.36717, 9.48774, 10.89195],
			"to": [23.36717, 11.48774, 12.89195],
			"rotation": {"angle": 0, "axis": "y", "origin": [22.36717, 12.48774, 11.89195]},
			"faces": {
				"north": {"uv": [5, 14, 6, 15], "texture": "#1"},
				"east": {"uv": [14, 5, 15, 6], "texture": "#1"},
				"south": {"uv": [14, 6, 15, 7], "texture": "#1"},
				"west": {"uv": [14, 7, 15, 8], "texture": "#1"},
				"up": {"uv": [15, 9, 14, 8], "texture": "#1"},
				"down": {"uv": [10, 14, 9, 15], "texture": "#1"}
			}
		},
		{
			"from": [18.49255, 14.6266, 11.39195],
			"to": [19.49255, 18.6266, 12.39195],
			"rotation": {"angle": 45, "axis": "z", "origin": [18.99255, 16.6266, 11.89195]},
			"faces": {
				"north": {"uv": [14, 3, 14.5, 5], "texture": "#1"},
				"east": {"uv": [3.5, 14, 4, 16], "texture": "#1"},
				"south": {"uv": [4, 14, 4.5, 16], "texture": "#1"},
				"west": {"uv": [4.5, 14, 5, 16], "texture": "#1"},
				"up": {"uv": [15.5, 1.5, 15, 1], "texture": "#1"},
				"down": {"uv": [2, 15, 1.5, 15.5], "texture": "#1"}
			}
		},
		{
			"from": [20.94642, 10.60296, 10.89195],
			"to": [21.94642, 15.60296, 12.89195],
			"rotation": {"angle": 22.5, "axis": "z", "origin": [21.44642, 12.60296, 12.39195]},
			"faces": {
				"north": {"uv": [11, 12.5, 11.5, 15], "texture": "#1"},
				"east": {"uv": [12, 2.5, 13, 5], "texture": "#1"},
				"south": {"uv": [11.5, 12.5, 12, 15], "texture": "#1"},
				"west": {"uv": [12, 5, 13, 7.5], "texture": "#1"},
				"up": {"uv": [15, 4.5, 14.5, 3.5], "texture": "#1"},
				"down": {"uv": [15, 12, 14.5, 13], "texture": "#1"}
			}
		},
		{
			"from": [12, -3.1266, 10.89195],
			"to": [14, 1.8734, 12.89195],
			"rotation": {"angle": 0, "axis": "y", "origin": [13, 1.8734, 11.89195]},
			"faces": {
				"north": {"uv": [11, 5, 12, 7.5], "texture": "#1"},
				"east": {"uv": [11, 7.5, 12, 10], "texture": "#1"},
				"south": {"uv": [11, 10, 12, 12.5], "texture": "#1"},
				"west": {"uv": [12, 0, 13, 2.5], "texture": "#1"},
				"up": {"uv": [15, 3, 14, 2], "texture": "#1"},
				"down": {"uv": [3.5, 14, 2.5, 15], "texture": "#1"}
			}
		},
		{
			"from": [12, -3.44462, 8.12419],
			"to": [14, 3.55538, 10.12419],
			"rotation": {"angle": -45, "axis": "x", "origin": [13, 0.05538, 9.12419]},
			"faces": {
				"north": {"uv": [9, 3.5, 10, 7], "texture": "#1"},
				"east": {"uv": [9, 7, 10, 10.5], "texture": "#1"},
				"south": {"uv": [0, 10, 1, 13.5], "texture": "#1"},
				"west": {"uv": [10, 0, 11, 3.5], "texture": "#1"},
				"up": {"uv": [15, 1, 14, 0], "texture": "#1"},
				"down": {"uv": [15, 1, 14, 2], "texture": "#1"}
			}
		},
		{
			"from": [12, 1.86224, 5.13878],
			"to": [14, 5.86224, 6.13878],
			"rotation": {"angle": -22.5, "axis": "x", "origin": [11.5, 3.86224, 5.63878]},
			"faces": {
				"north": {"uv": [10, 12, 11, 14], "texture": "#1"},
				"east": {"uv": [12.5, 13.5, 13, 15.5], "texture": "#1"},
				"south": {"uv": [12, 11.5, 13, 13.5], "texture": "#1"},
				"west": {"uv": [13.5, 13, 14, 15], "texture": "#1"},
				"up": {"uv": [15, 14.5, 14, 14], "texture": "#1"},
				"down": {"uv": [15.5, 3, 14.5, 3.5], "texture": "#1"}
			}
		},
		{
			"from": [12.5, 5.86224, 5.13878],
			"to": [13.5, 9.86224, 6.13878],
			"rotation": {"angle": -22.5, "axis": "x", "origin": [11.5, 3.86224, 5.63878]},
			"faces": {
				"north": {"uv": [13, 0, 13.5, 2], "texture": "#1"},
				"east": {"uv": [1, 13, 1.5, 15], "texture": "#1"},
				"south": {"uv": [1.5, 13, 2, 15], "texture": "#1"},
				"west": {"uv": [2, 13, 2.5, 15], "texture": "#1"},
				"up": {"uv": [15, 5, 14.5, 4.5], "texture": "#1"},
				"down": {"uv": [14.5, 14.5, 14, 15], "texture": "#1"}
			}
		},
		{
			"from": [13.73673, -6.64911, 12],
			"to": [21.73673, -1.64911, 12],
			"rotation": {"angle": 45, "axis": "x", "origin": [8, -2.14911, 12]},
			"faces": {
				"north": {"uv": [0, 0, 4, 2.5], "texture": "#1"},
				"east": {"uv": [0, 0, 0, 2.5], "texture": "#1"},
				"south": {"uv": [0, 2.5, 4, 5], "texture": "#1"},
				"west": {"uv": [0, 0, 0, 2.5], "texture": "#1"},
				"up": {"uv": [4, 0, 0, 0], "texture": "#1"},
				"down": {"uv": [4, 0, 0, 0], "texture": "#1"}
			}
		},
		{
			"from": [-5.73673, -6.64911, 12],
			"to": [2.26327, -1.64911, 12],
			"rotation": {"angle": 45, "axis": "x", "origin": [8, -2.14911, 12]},
			"faces": {
				"north": {"uv": [4, 0, 8, 2.5], "texture": "#1"},
				"east": {"uv": [0, 0, 0, 2.5], "texture": "#1"},
				"south": {"uv": [4, 2.5, 8, 5], "texture": "#1"},
				"west": {"uv": [0, 0, 0, 2.5], "texture": "#1"},
				"up": {"uv": [4, 0, 0, 0], "texture": "#1"},
				"down": {"uv": [4, 0, 0, 0], "texture": "#1"}
			}
		},
		{
			"from": [7, -7.5, 1],
			"to": [9, -5.5, 3],
			"rotation": {"angle": 0, "axis": "y", "origin": [8, -6.5, 2]},
			"faces": {
				"north": {"uv": [15, 15, 16, 16], "texture": "#1"},
				"east": {"uv": [15, 15, 16, 16], "texture": "#1"},
				"south": {"uv": [15, 15, 16, 16], "texture": "#1"},
				"west": {"uv": [15, 15, 16, 16], "texture": "#1"},
				"up": {"uv": [15, 15, 16, 16], "texture": "#1"},
				"down": {"uv": [15, 15, 16, 16], "texture": "#1"}
			}
		}
	],
	"gui_light": "front",
	"display": {
		"thirdperson_righthand": {
			"scale": [0, 0, 0]
		},
		"thirdperson_lefthand": {
			"scale": [0, 0, 0]
		},
		"firstperson_righthand": {
			"scale": [0, 0, 0]
		},
		"firstperson_lefthand": {
			"scale": [0, 0, 0]
		},
		"ground": {
			"scale": [0, 0, 0]
		},
		"gui": {
			"rotation": [30, 225, 0],
			"translation": [1.5, 0.5, 0],
			"scale": [0.5, 0.5, 0.5]
		},
		"head": {
			"rotation": [-25, 0, 0],
			"translation": [0, 13.25, -8]
		},
		"fixed": {
			"scale": [0, 0, 0]
		}
	}
}