{
	"texture_size": [64, 64],
	"textures": {
		"0": "item/skin_head_11"
	},
	"elements": [
		{
			"from": [2, 6.5, 4.25],
			"to": [14, 13.5, 16.25],
			"rotation": {"angle": 0, "axis": "y", "origin": [8, 8, 8]},
			"faces": {
				"north": {"uv": [3, 5, 6, 6.75], "texture": "#0"},
				"east": {"uv": [5.5, 0, 8.5, 1.75], "texture": "#0"},
				"south": {"uv": [5.5, 1.75, 8.5, 3.5], "texture": "#0"},
				"west": {"uv": [0, 6, 3, 7.75], "texture": "#0"},
				"up": {"uv": [3, 3, 0, 0], "texture": "#0"},
				"down": {"uv": [3, 3, 0, 6], "texture": "#0"}
			}
		},
		{
			"from": [3, 0.25, 5.25],
			"to": [13, 9.75, 6.25],
			"rotation": {"angle": 0, "axis": "y", "origin": [8, 8, 8]},
			"faces": {
				"north": {"uv": [3, 0, 5.5, 2.5], "texture": "#0"},
				"east": {"uv": [6, 3.5, 6.25, 6], "texture": "#0"},
				"south": {"uv": [3, 2.5, 5.5, 5], "texture": "#0"},
				"west": {"uv": [6, 6, 6.25, 8.5], "texture": "#0"},
				"up": {"uv": [8.75, 3.75, 6.25, 3.5], "texture": "#0"},
				"down": {"uv": [8.75, 3.75, 6.25, 4], "texture": "#0"}
			}
		},
		{
			"from": [3, 4.25, 6],
			"to": [8, 6.25, 6],
			"faces": {
				"north": {"uv": [6.25, 4, 7.5, 4.5], "texture": "#0"},
				"east": {"uv": [0, 0, 0, 0.5], "texture": "#0"},
				"south": {"uv": [6.25, 4.5, 7.5, 5], "texture": "#0"},
				"west": {"uv": [0, 0, 0, 0.5], "texture": "#0"},
				"up": {"uv": [1.25, 0, 0, 0], "texture": "#0"},
				"down": {"uv": [1.25, 0, 0, 0], "texture": "#0"}
			}
		},
		{
			"from": [8, 4.25, 6],
			"to": [13, 6.25, 6],
			"faces": {
				"north": {"uv": [6.25, 5, 7.5, 5.5], "texture": "#0"},
				"east": {"uv": [0, 0, 0, 0.5], "texture": "#0"},
				"south": {"uv": [6.25, 5.5, 7.5, 6], "texture": "#0"},
				"west": {"uv": [0, 0, 0, 0.5], "texture": "#0"},
				"up": {"uv": [1.25, 0, 0, 0], "texture": "#0"},
				"down": {"uv": [1.25, 0, 0, 0], "texture": "#0"}
			}
		}
	],
	"display": {
		"thirdperson_righthand": {
			"scale": [0, 0, 0]
		},
		"thirdperson_lefthand": {
			"scale": [0, 0, 0]
		},
		"firstperson_righthand": {
			"scale": [0, 0, 0]
		},
		"firstperson_lefthand": {
			"scale": [0, 0, 0]
		},
		"ground": {
			"scale": [0, 0, 0]
		},
		"gui": {
			"rotation": [30, 225, 0],
			"translation": [1.25, 0, 0],
			"scale": [0.8, 0.8, 0.8]
		},
		"head": {
			"translation": [0, 0.5, -3.75],
			"scale": [1.45, 1.45, 1.45]
		},
		"fixed": {
			"scale": [0, 0, 0]
		}
	},
	"groups": [
		{
			"name": "group",
			"origin": [7, -14.5, 9.25],
			"color": 0,
			"children": [0, 1]
		},
		{
			"name": "group",
			"origin": [0, 0, 0],
			"color": 0,
			"children": [2, 3]
		}
	]
}