{
	"texture_size": [64, 64],
	"textures": {
		"1": "item/skin_head_10_2"
	},
	"elements": [
		{
			"from": [1.25, 11, 1],
			"to": [14.75, 25, 15],
			"rotation": {"angle": 0, "axis": "y", "origin": [8, 21.70128, 8.78596]},
			"faces": {
				"north": {"uv": [0, 0, 3.5, 3.5], "texture": "#1"},
				"east": {"uv": [7, 3.5, 3.5, 7], "texture": "#1"},
				"south": {"uv": [3.5, 0, 7, 3.5], "texture": "#1"},
				"west": {"uv": [3.5, 3.5, 7, 7], "texture": "#1"},
				"up": {"uv": [3.5, 10.5, 0, 7], "texture": "#1"},
				"down": {"uv": [10.5, 0, 7, 3.5], "texture": "#1"}
			}
		},
		{
			"from": [1, 21.76934, 0.3303],
			"to": [15, 28.76934, 14.3303],
			"rotation": {"angle": 22.5, "axis": "x", "origin": [8, 21.70128, 8.78596]},
			"faces": {
				"north": {"uv": [7, 7, 10.5, 8.75], "texture": "#1"},
				"east": {"uv": [10.5, 7, 7, 8.75], "texture": "#1"},
				"south": {"uv": [0, 10.5, 3.5, 12.25], "texture": "#1"},
				"west": {"uv": [10.5, 0, 14, 1.75], "texture": "#1"},
				"up": {"uv": [7, 10.5, 3.5, 7], "texture": "#1"},
				"down": {"uv": [10.5, 3.5, 7, 7], "texture": "#1"}
			}
		}
	],
	"gui_light": "front",
	"display": {
		"thirdperson_righthand": {
			"scale": [0, 0, 0]
		},
		"thirdperson_lefthand": {
			"scale": [0, 0, 0]
		},
		"firstperson_righthand": {
			"scale": [0, 0, 0]
		},
		"firstperson_lefthand": {
			"scale": [0, 0, 0]
		},
		"ground": {
			"scale": [0, 0, 0]
		},
		"gui": {
			"rotation": [30, 225, 0],
			"translation": [0.5, -6.25, 0],
			"scale": [0.6, 0.6, 0.6]
		},
		"head": {
			"translation": [0, -15, 0],
			"scale": [1.2, 1.2, 1.2]
		},
		"fixed": {
			"scale": [0, 0, 0]
		}
	}
}