{
	"texture_size": [32, 32],
	"textures": {
		"0": "item/skin_head_4_1",
		"1": "item/skin_head_4_2"
	},
	"elements": [
		{
			"from": [6.42843, 11.52843, 6.5],
			"to": [10.42843, 12.02843, 7],
			"rotation": {"angle": 0, "axis": "y", "origin": [4.42843, 11.02843, 6]},
			"faces": {
				"north": {"uv": [8, 3, 12, 4], "texture": "#0"},
				"east": {"uv": [8, 14, 9, 15], "texture": "#0"},
				"south": {"uv": [4, 8, 8, 9], "texture": "#0"},
				"west": {"uv": [14, 8, 15, 9], "texture": "#0"},
				"up": {"uv": [12, 5, 8, 4], "texture": "#0"},
				"down": {"uv": [12, 5, 8, 6], "texture": "#0"}
			}
		},
		{
			"from": [14.46396, 9.07868, 6.5],
			"to": [14.96396, 13.07868, 7],
			"rotation": {"angle": 45, "axis": "z", "origin": [13.96396, 7.07868, 6]},
			"faces": {
				"north": {"uv": [3, 9, 4, 13], "texture": "#0"},
				"east": {"uv": [4, 9, 5, 13], "texture": "#0"},
				"south": {"uv": [5, 9, 6, 13], "texture": "#0"},
				"west": {"uv": [6, 9, 7, 13], "texture": "#0"},
				"up": {"uv": [11, 15, 10, 14], "texture": "#0"},
				"down": {"uv": [15, 10, 14, 11], "texture": "#0"}
			}
		},
		{
			"from": [12.75685, 5.2, 6.5],
			"to": [13.25685, 9.2, 7],
			"rotation": {"angle": 0, "axis": "y", "origin": [12.25685, 6.2, 6]},
			"faces": {
				"north": {"uv": [9, 6, 10, 10], "texture": "#0"},
				"east": {"uv": [7, 9, 8, 13], "texture": "#0"},
				"south": {"uv": [10, 6, 11, 10], "texture": "#0"},
				"west": {"uv": [8, 10, 9, 14], "texture": "#0"},
				"up": {"uv": [12, 15, 11, 14], "texture": "#0"},
				"down": {"uv": [15, 11, 14, 12], "texture": "#0"}
			}
		},
		{
			"from": [14.46396, 1.32132, 6.5],
			"to": [14.96396, 5.32132, 7],
			"rotation": {"angle": -45, "axis": "z", "origin": [13.96396, 7.32132, 6]},
			"faces": {
				"north": {"uv": [9, 10, 10, 14], "texture": "#0"},
				"east": {"uv": [10, 10, 11, 14], "texture": "#0"},
				"south": {"uv": [11, 6, 12, 10], "texture": "#0"},
				"west": {"uv": [11, 10, 12, 14], "texture": "#0"},
				"up": {"uv": [13, 15, 12, 14], "texture": "#0"},
				"down": {"uv": [15, 12, 14, 13], "texture": "#0"}
			}
		},
		{
			"from": [6.42843, 2.37157, 6.5],
			"to": [10.42843, 2.87157, 7],
			"rotation": {"angle": 0, "axis": "y", "origin": [4.42843, 3.37157, 6]},
			"faces": {
				"north": {"uv": [0, 8, 4, 9], "texture": "#0"},
				"east": {"uv": [14, 6, 15, 7], "texture": "#0"},
				"south": {"uv": [8, 0, 12, 1], "texture": "#0"},
				"west": {"uv": [14, 7, 15, 8], "texture": "#0"},
				"up": {"uv": [12, 2, 8, 1], "texture": "#0"},
				"down": {"uv": [12, 2, 8, 3], "texture": "#0"}
			}
		},
		{
			"from": [3.6, 5.2, 6.5],
			"to": [4.1, 9.2, 7],
			"rotation": {"angle": 0, "axis": "y", "origin": [10.6, 6.2, 6]},
			"faces": {
				"north": {"uv": [2, 4, 3, 8], "texture": "#0"},
				"east": {"uv": [3, 4, 4, 8], "texture": "#0"},
				"south": {"uv": [4, 4, 5, 8], "texture": "#0"},
				"west": {"uv": [5, 4, 6, 8], "texture": "#0"},
				"up": {"uv": [15, 3, 14, 2], "texture": "#0"},
				"down": {"uv": [15, 3, 14, 4], "texture": "#0"}
			}
		},
		{
			"from": [6.4, 0.2, 5.5],
			"to": [6.4, 4.2, 7.5],
			"rotation": {"angle": 45, "axis": "z", "origin": [4.1, 2.2, 6.5]},
			"faces": {
				"north": {"uv": [0, 0, 0, 4], "texture": "#0"},
				"east": {"uv": [0, 4, 2, 8], "texture": "#0"},
				"south": {"uv": [0, 0, 0, 4], "texture": "#0"},
				"west": {"uv": [0, 4, 2, 8], "texture": "#0"},
				"up": {"uv": [2, 0, 0, 0], "rotation": 90, "texture": "#0"},
				"down": {"uv": [2, 0, 0, 0], "rotation": 270, "texture": "#0"}
			}
		},
		{
			"from": [5.4, 0.2, 6.5],
			"to": [7.4, 4.2, 6.5],
			"rotation": {"angle": 45, "axis": "z", "origin": [4.1, 2.2, 6.5]},
			"faces": {
				"north": {"uv": [2, 0, 4, 4], "texture": "#0"},
				"east": {"uv": [0, 0, 0, 4], "texture": "#0"},
				"south": {"uv": [2, 0, 4, 4], "texture": "#0"},
				"west": {"uv": [0, 0, 0, 4], "texture": "#0"},
				"up": {"uv": [0, 2, 0, 0], "rotation": 90, "texture": "#0"},
				"down": {"uv": [0, 0, 0, 2], "rotation": 270, "texture": "#0"}
			}
		},
		{
			"from": [5.4, 0.2, 6.5],
			"to": [7.4, 4.2, 6.5],
			"rotation": {"angle": 45, "axis": "z", "origin": [4.1, 2.2, 6.5]},
			"faces": {
				"north": {"uv": [0, 4, 2, 8], "texture": "#0"},
				"east": {"uv": [0, 0, 0, 4], "texture": "#0"},
				"south": {"uv": [0, 4, 2, 8], "texture": "#0"},
				"west": {"uv": [0, 0, 0, 4], "texture": "#0"},
				"up": {"uv": [2, 0, 0, 0], "texture": "#0"},
				"down": {"uv": [2, 0, 0, 0], "texture": "#0"}
			}
		},
		{
			"from": [6.4, 0.2, 5.5],
			"to": [6.4, 4.2, 7.5],
			"rotation": {"angle": 45, "axis": "z", "origin": [4.1, 2.2, 6.5]},
			"faces": {
				"north": {"uv": [0, 0, 0, 4], "texture": "#0"},
				"east": {"uv": [2, 0, 4, 4], "texture": "#0"},
				"south": {"uv": [0, 0, 0, 4], "texture": "#0"},
				"west": {"uv": [2, 0, 4, 4], "texture": "#0"},
				"up": {"uv": [0, 2, 0, 0], "texture": "#0"},
				"down": {"uv": [0, 0, 0, 2], "texture": "#0"}
			}
		},
		{
			"from": [6.5, 2.8, 5.5],
			"to": [10.5, 2.8, 7.5],
			"rotation": {"angle": 0, "axis": "y", "origin": [4.1, 2.2, 6.5]},
			"faces": {
				"north": {"uv": [0, 0, 0, 4], "rotation": 90, "texture": "#0"},
				"east": {"uv": [2, 0, 0, 0], "rotation": 180, "texture": "#0"},
				"south": {"uv": [0, 0, 0, 4], "rotation": 270, "texture": "#0"},
				"west": {"uv": [2, 0, 0, 0], "texture": "#0"},
				"up": {"uv": [0, 4, 2, 8], "rotation": 270, "texture": "#0"},
				"down": {"uv": [0, 4, 2, 8], "rotation": 270, "texture": "#0"}
			}
		},
		{
			"from": [6.5, 1.8, 6.5],
			"to": [10.5, 3.8, 6.5],
			"rotation": {"angle": 0, "axis": "y", "origin": [4.1, 2.2, 6.5]},
			"faces": {
				"north": {"uv": [2, 0, 4, 4], "rotation": 90, "texture": "#0"},
				"east": {"uv": [0, 0, 0, 2], "rotation": 180, "texture": "#0"},
				"south": {"uv": [2, 0, 4, 4], "rotation": 270, "texture": "#0"},
				"west": {"uv": [0, 2, 0, 0], "texture": "#0"},
				"up": {"uv": [0, 0, 0, 4], "rotation": 270, "texture": "#0"},
				"down": {"uv": [0, 0, 0, 4], "rotation": 270, "texture": "#0"}
			}
		},
		{
			"from": [6.5, 1.8, 6.5],
			"to": [10.5, 3.8, 6.5],
			"rotation": {"angle": 0, "axis": "y", "origin": [4.1, 2.2, 6.5]},
			"faces": {
				"north": {"uv": [0, 4, 2, 8], "rotation": 90, "texture": "#0"},
				"east": {"uv": [2, 0, 0, 0], "rotation": 270, "texture": "#0"},
				"south": {"uv": [0, 4, 2, 8], "rotation": 270, "texture": "#0"},
				"west": {"uv": [2, 0, 0, 0], "rotation": 270, "texture": "#0"},
				"up": {"uv": [0, 0, 0, 4], "rotation": 270, "texture": "#0"},
				"down": {"uv": [0, 0, 0, 4], "rotation": 270, "texture": "#0"}
			}
		},
		{
			"from": [6.5, 2.8, 5.5],
			"to": [10.5, 2.8, 7.5],
			"rotation": {"angle": 0, "axis": "y", "origin": [4.1, 2.2, 6.5]},
			"faces": {
				"north": {"uv": [0, 0, 0, 4], "rotation": 90, "texture": "#0"},
				"east": {"uv": [0, 0, 0, 2], "rotation": 270, "texture": "#0"},
				"south": {"uv": [0, 0, 0, 4], "rotation": 270, "texture": "#0"},
				"west": {"uv": [0, 2, 0, 0], "rotation": 270, "texture": "#0"},
				"up": {"uv": [2, 0, 4, 4], "rotation": 270, "texture": "#0"},
				"down": {"uv": [2, 0, 4, 4], "rotation": 270, "texture": "#0"}
			}
		},
		{
			"from": [9.2, 10.2, 5.5],
			"to": [13.2, 10.2, 7.5],
			"rotation": {"angle": -45, "axis": "z", "origin": [11.5, 9.8, 6.5]},
			"faces": {
				"north": {"uv": [0, 0, 0, 4], "rotation": 90, "texture": "#0"},
				"east": {"uv": [2, 0, 0, 0], "rotation": 180, "texture": "#0"},
				"south": {"uv": [0, 0, 0, 4], "rotation": 270, "texture": "#0"},
				"west": {"uv": [2, 0, 0, 0], "texture": "#0"},
				"up": {"uv": [0, 4, 2, 8], "rotation": 270, "texture": "#0"},
				"down": {"uv": [0, 4, 2, 8], "rotation": 270, "texture": "#0"}
			}
		},
		{
			"from": [9.2, 9.2, 6.5],
			"to": [13.2, 11.2, 6.5],
			"rotation": {"angle": -45, "axis": "z", "origin": [11.5, 9.8, 6.5]},
			"faces": {
				"north": {"uv": [2, 0, 4, 4], "rotation": 90, "texture": "#0"},
				"east": {"uv": [0, 0, 0, 2], "rotation": 180, "texture": "#0"},
				"south": {"uv": [2, 0, 4, 4], "rotation": 270, "texture": "#0"},
				"west": {"uv": [0, 2, 0, 0], "texture": "#0"},
				"up": {"uv": [0, 0, 0, 4], "rotation": 270, "texture": "#0"},
				"down": {"uv": [0, 0, 0, 4], "rotation": 270, "texture": "#0"}
			}
		},
		{
			"from": [6.5, 11.5, 5.5],
			"to": [10.5, 11.5, 7.5],
			"rotation": {"angle": 0, "axis": "y", "origin": [11.5, 9.8, 6.5]},
			"faces": {
				"north": {"uv": [0, 0, 0, 4], "rotation": 90, "texture": "#0"},
				"east": {"uv": [2, 0, 0, 0], "rotation": 180, "texture": "#0"},
				"south": {"uv": [0, 0, 0, 4], "rotation": 270, "texture": "#0"},
				"west": {"uv": [2, 0, 0, 0], "texture": "#0"},
				"up": {"uv": [0, 4, 2, 8], "rotation": 270, "texture": "#0"},
				"down": {"uv": [0, 4, 2, 8], "rotation": 270, "texture": "#0"}
			}
		},
		{
			"from": [6.5, 10.5, 6.5],
			"to": [10.5, 12.5, 6.5],
			"rotation": {"angle": 0, "axis": "y", "origin": [11.5, 9.8, 6.5]},
			"faces": {
				"north": {"uv": [2, 0, 4, 4], "rotation": 90, "texture": "#0"},
				"east": {"uv": [0, 0, 0, 2], "rotation": 180, "texture": "#0"},
				"south": {"uv": [2, 0, 4, 4], "rotation": 270, "texture": "#0"},
				"west": {"uv": [0, 2, 0, 0], "texture": "#0"},
				"up": {"uv": [0, 0, 0, 4], "rotation": 270, "texture": "#0"},
				"down": {"uv": [0, 0, 0, 4], "rotation": 270, "texture": "#0"}
			}
		},
		{
			"from": [6.7, 3.9, 5.5],
			"to": [6.7, 7.9, 7.5],
			"rotation": {"angle": -45, "axis": "z", "origin": [11.5, 9.8, 6.5]},
			"faces": {
				"north": {"uv": [0, 0, 0, 4], "rotation": 180, "texture": "#0"},
				"east": {"uv": [0, 4, 2, 8], "rotation": 180, "texture": "#0"},
				"south": {"uv": [0, 0, 0, 4], "rotation": 180, "texture": "#0"},
				"west": {"uv": [0, 4, 2, 8], "rotation": 180, "texture": "#0"},
				"up": {"uv": [2, 0, 0, 0], "rotation": 90, "texture": "#0"},
				"down": {"uv": [2, 0, 0, 0], "rotation": 270, "texture": "#0"}
			}
		},
		{
			"from": [5.7, 3.9, 6.5],
			"to": [7.7, 7.9, 6.5],
			"rotation": {"angle": -45, "axis": "z", "origin": [11.5, 9.8, 6.5]},
			"faces": {
				"north": {"uv": [2, 0, 4, 4], "rotation": 180, "texture": "#0"},
				"east": {"uv": [0, 0, 0, 4], "rotation": 180, "texture": "#0"},
				"south": {"uv": [2, 0, 4, 4], "rotation": 180, "texture": "#0"},
				"west": {"uv": [0, 0, 0, 4], "rotation": 180, "texture": "#0"},
				"up": {"uv": [0, 0, 0, 2], "rotation": 90, "texture": "#0"},
				"down": {"uv": [0, 2, 0, 0], "rotation": 270, "texture": "#0"}
			}
		},
		{
			"from": [6.20833, 2.45685, 6.5],
			"to": [10.20833, 4.45685, 6.5],
			"rotation": {"angle": 45, "axis": "z", "origin": [8.90833, 7.85685, 6.5]},
			"faces": {
				"north": {"uv": [0, 4, 2, 8], "rotation": 90, "texture": "#0"},
				"east": {"uv": [2, 0, 0, 0], "rotation": 270, "texture": "#0"},
				"south": {"uv": [0, 4, 2, 8], "rotation": 270, "texture": "#0"},
				"west": {"uv": [2, 0, 0, 0], "rotation": 270, "texture": "#0"},
				"up": {"uv": [0, 0, 0, 4], "rotation": 270, "texture": "#0"},
				"down": {"uv": [0, 0, 0, 4], "rotation": 270, "texture": "#0"}
			}
		},
		{
			"from": [12.70833, 5.05685, 5.5],
			"to": [12.70833, 9.05685, 7.5],
			"rotation": {"angle": 0, "axis": "y", "origin": [8.90833, 7.85685, 6.5]},
			"faces": {
				"north": {"uv": [0, 0, 0, 4], "rotation": 180, "texture": "#0"},
				"east": {"uv": [2, 0, 4, 4], "rotation": 180, "texture": "#0"},
				"south": {"uv": [0, 0, 0, 4], "rotation": 180, "texture": "#0"},
				"west": {"uv": [2, 0, 4, 4], "rotation": 180, "texture": "#0"},
				"up": {"uv": [0, 0, 0, 2], "rotation": 180, "texture": "#0"},
				"down": {"uv": [0, 2, 0, 0], "rotation": 180, "texture": "#0"}
			}
		},
		{
			"from": [11.70833, 5.05685, 6.5],
			"to": [13.70833, 9.05685, 6.5],
			"rotation": {"angle": 0, "axis": "y", "origin": [8.90833, 7.85685, 6.5]},
			"faces": {
				"north": {"uv": [0, 4, 2, 8], "rotation": 180, "texture": "#0"},
				"east": {"uv": [0, 0, 0, 4], "rotation": 180, "texture": "#0"},
				"south": {"uv": [0, 4, 2, 8], "rotation": 180, "texture": "#0"},
				"west": {"uv": [0, 0, 0, 4], "rotation": 180, "texture": "#0"},
				"up": {"uv": [2, 0, 0, 0], "rotation": 180, "texture": "#0"},
				"down": {"uv": [2, 0, 0, 0], "rotation": 180, "texture": "#0"}
			}
		},
		{
			"from": [6.20833, 3.45685, 5.5],
			"to": [10.20833, 3.45685, 7.5],
			"rotation": {"angle": 45, "axis": "z", "origin": [8.90833, 7.85685, 6.5]},
			"faces": {
				"north": {"uv": [0, 0, 0, 4], "rotation": 90, "texture": "#0"},
				"east": {"uv": [0, 0, 0, 2], "rotation": 270, "texture": "#0"},
				"south": {"uv": [0, 0, 0, 4], "rotation": 270, "texture": "#0"},
				"west": {"uv": [0, 2, 0, 0], "rotation": 270, "texture": "#0"},
				"up": {"uv": [2, 0, 4, 4], "rotation": 270, "texture": "#0"},
				"down": {"uv": [2, 0, 4, 4], "rotation": 270, "texture": "#0"}
			}
		},
		{
			"from": [3.1, 5.2, 6.5],
			"to": [5.1, 9.2, 6.5],
			"rotation": {"angle": 45, "axis": "y", "origin": [4.1, 7.2, 6.5]},
			"faces": {
				"north": {"uv": [2, 0, 4, 4], "texture": "#0"},
				"east": {"uv": [0, 0, 0, 4], "texture": "#0"},
				"south": {"uv": [2, 0, 4, 4], "texture": "#0"},
				"west": {"uv": [0, 0, 0, 4], "texture": "#0"},
				"up": {"uv": [0, 2, 0, 0], "rotation": 90, "texture": "#0"},
				"down": {"uv": [0, 0, 0, 2], "rotation": 270, "texture": "#0"}
			}
		},
		{
			"from": [4.1, 5.2, 5.5],
			"to": [4.1, 9.2, 7.5],
			"rotation": {"angle": 45, "axis": "y", "origin": [4.1, 7.2, 6.5]},
			"faces": {
				"north": {"uv": [0, 0, 0, 4], "texture": "#0"},
				"east": {"uv": [0, 4, 2, 8], "texture": "#0"},
				"south": {"uv": [0, 0, 0, 4], "texture": "#0"},
				"west": {"uv": [0, 4, 2, 8], "texture": "#0"},
				"up": {"uv": [2, 0, 0, 0], "rotation": 90, "texture": "#0"},
				"down": {"uv": [2, 0, 0, 0], "rotation": 270, "texture": "#0"}
			}
		},
		{
			"from": [4.1, 5.2, 5.5],
			"to": [4.1, 9.2, 7.5],
			"rotation": {"angle": 0, "axis": "y", "origin": [4.1, 7.2, 6.5]},
			"faces": {
				"north": {"uv": [0, 0, 0, 4], "texture": "#0"},
				"east": {"uv": [0, 0, 2, 4], "texture": "#0"},
				"south": {"uv": [0, 0, 0, 4], "texture": "#0"},
				"west": {"uv": [2, 0, 4, 4], "texture": "#0"},
				"up": {"uv": [0, 2, 0, 0], "texture": "#0"},
				"down": {"uv": [0, 0, 0, 2], "texture": "#0"}
			}
		},
		{
			"from": [3.1, 5.2, 6.5],
			"to": [5.1, 9.2, 6.5],
			"rotation": {"angle": 0, "axis": "y", "origin": [4.1, 7.2, 6.5]},
			"faces": {
				"north": {"uv": [0, 4, 2, 8], "texture": "#0"},
				"east": {"uv": [0, 0, 0, 4], "texture": "#0"},
				"south": {"uv": [0, 4, 2, 8], "texture": "#0"},
				"west": {"uv": [0, 0, 0, 4], "texture": "#0"},
				"up": {"uv": [2, 0, 0, 0], "texture": "#0"},
				"down": {"uv": [2, 0, 0, 0], "texture": "#0"}
			}
		},
		{
			"from": [4.1, 5.2, 5.5],
			"to": [4.1, 9.2, 7.5],
			"rotation": {"angle": 0, "axis": "y", "origin": [4.1, 7.2, 6.5]},
			"faces": {
				"north": {"uv": [0, 0, 0, 4], "texture": "#0"},
				"east": {"uv": [2, 0, 4, 4], "texture": "#0"},
				"south": {"uv": [0, 0, 0, 4], "texture": "#0"},
				"west": {"uv": [2, 0, 4, 4], "texture": "#0"},
				"up": {"uv": [0, 2, 0, 0], "texture": "#0"},
				"down": {"uv": [0, 0, 0, 2], "texture": "#0"}
			}
		},
		{
			"from": [1.89289, 1.32132, 6.5],
			"to": [2.39289, 5.32132, 7],
			"rotation": {"angle": 45, "axis": "z", "origin": [2.89289, 7.32132, 6]},
			"faces": {
				"north": {"uv": [6, 0, 7, 4], "texture": "#0"},
				"east": {"uv": [6, 4, 7, 8], "texture": "#0"},
				"south": {"uv": [7, 0, 8, 4], "texture": "#0"},
				"west": {"uv": [7, 4, 8, 8], "texture": "#0"},
				"up": {"uv": [15, 5, 14, 4], "texture": "#0"},
				"down": {"uv": [15, 5, 14, 6], "texture": "#0"}
			}
		},
		{
			"from": [1.89289, 9.07868, 6.5],
			"to": [2.39289, 13.07868, 7],
			"rotation": {"angle": -45, "axis": "z", "origin": [2.89289, 7.07868, 6]},
			"faces": {
				"north": {"uv": [8, 6, 9, 10], "texture": "#0"},
				"east": {"uv": [0, 9, 1, 13], "texture": "#0"},
				"south": {"uv": [1, 9, 2, 13], "texture": "#0"},
				"west": {"uv": [2, 9, 3, 13], "texture": "#0"},
				"up": {"uv": [10, 15, 9, 14], "texture": "#0"},
				"down": {"uv": [15, 9, 14, 10], "texture": "#0"}
			}
		},
		{
			"from": [7.4, -0.5, 5.6],
			"to": [9.4, 1.5, 7.6],
			"rotation": {"angle": 0, "axis": "y", "origin": [8.3, 9.8375, 6.6]},
			"faces": {
				"north": {"uv": [12, 0, 14, 2], "texture": "#0"},
				"east": {"uv": [12, 2, 14, 4], "texture": "#0"},
				"south": {"uv": [12, 4, 14, 6], "texture": "#0"},
				"west": {"uv": [12, 6, 14, 8], "texture": "#0"},
				"up": {"uv": [14, 10, 12, 8], "texture": "#0"},
				"down": {"uv": [14, 10, 12, 12], "texture": "#0"}
			}
		},
		{
			"from": [7.3, -0.9, 5.5],
			"to": [9.5, 0.75, 7.7],
			"rotation": {"angle": 0, "axis": "y", "origin": [8.3, 9.8375, 6.6]},
			"faces": {
				"north": {"uv": [12, 12, 14, 14], "texture": "#0"},
				"east": {"uv": [0, 13, 2, 15], "texture": "#0"},
				"south": {"uv": [2, 13, 4, 15], "texture": "#0"},
				"west": {"uv": [4, 13, 6, 15], "texture": "#0"},
				"up": {"uv": [8, 15, 6, 13], "texture": "#0"},
				"down": {"uv": [16, 0, 14, 2], "texture": "#0"}
			}
		},
		{
			"from": [7.9, 1.5, 6.1],
			"to": [8.9, 2, 7.1],
			"rotation": {"angle": 0, "axis": "y", "origin": [8.3, 9.8375, 6.6]},
			"faces": {
				"north": {"uv": [13, 14, 14, 15], "texture": "#0"},
				"east": {"uv": [14, 13, 15, 14], "texture": "#0"},
				"south": {"uv": [14, 14, 15, 15], "texture": "#0"},
				"west": {"uv": [0, 15, 1, 16], "texture": "#0"},
				"up": {"uv": [2, 16, 1, 15], "texture": "#0"},
				"down": {"uv": [3, 15, 2, 16], "texture": "#0"}
			}
		},
		{
			"from": [8.15, -1.3, 6.5],
			"to": [8.65, -0.8, 7],
			"rotation": {"angle": 0, "axis": "y", "origin": [8.3, 9.8375, 6.6]},
			"faces": {
				"north": {"uv": [13, 14, 14, 15], "texture": "#0"},
				"east": {"uv": [14, 13, 15, 14], "texture": "#0"},
				"south": {"uv": [14, 14, 15, 15], "texture": "#0"},
				"west": {"uv": [0, 15, 1, 16], "texture": "#0"},
				"up": {"uv": [2, 16, 1, 15], "texture": "#0"},
				"down": {"uv": [3, 15, 2, 16], "texture": "#0"}
			}
		},
		{
			"from": [0, -9, 2],
			"to": [5, -1, 2],
			"faces": {
				"north": {"uv": [5, 0, 7.5, 4], "texture": "#1"},
				"east": {"uv": [0, 0, 0, 4], "texture": "#1"},
				"south": {"uv": [5, 4, 7.5, 8], "texture": "#1"},
				"west": {"uv": [0, 0, 0, 4], "texture": "#1"},
				"up": {"uv": [2.5, 0, 0, 0], "texture": "#1"},
				"down": {"uv": [2.5, 0, 0, 0], "texture": "#1"}
			}
		},
		{
			"from": [9.7, 3.5, 6.7],
			"to": [14.7, 11.5, 6.7],
			"faces": {
				"north": {"uv": [0, 4, 2.5, 8], "texture": "#1"},
				"east": {"uv": [0, 0, 0, 4], "texture": "#1"},
				"south": {"uv": [0, 4, 2.5, 8], "texture": "#1"},
				"west": {"uv": [0, 0, 0, 4], "texture": "#1"},
				"up": {"uv": [2.5, 0, 0, 0], "texture": "#1"},
				"down": {"uv": [2.5, 0, 0, 0], "texture": "#1"}
			}
		},
		{
			"from": [3.9, 6.6, 6.3],
			"to": [11.9, 11.6, 6.3],
			"rotation": {"angle": -22.5, "axis": "z", "origin": [12.2, 7.5, 6.7]},
			"faces": {
				"north": {"uv": [0, 4, 2.5, 8], "rotation": 90, "texture": "#1"},
				"east": {"uv": [2.5, 0, 0, 0], "rotation": 270, "texture": "#1"},
				"south": {"uv": [0, 4, 2.5, 8], "rotation": 270, "texture": "#1"},
				"west": {"uv": [2.5, 0, 0, 0], "rotation": 270, "texture": "#1"},
				"up": {"uv": [0, 0, 0, 4], "rotation": 270, "texture": "#1"},
				"down": {"uv": [0, 0, 0, 4], "rotation": 270, "texture": "#1"}
			}
		},
		{
			"from": [10.3, -0.5, 6.3],
			"to": [15.3, 7.5, 6.3],
			"rotation": {"angle": -45, "axis": "z", "origin": [12.2, 7.5, 6.7]},
			"faces": {
				"north": {"uv": [2.5, 4, 0, 8], "rotation": 180, "texture": "#1"},
				"east": {"uv": [0, 0, 0, 4], "rotation": 180, "texture": "#1"},
				"south": {"uv": [2.5, 8, 0, 4], "rotation": 180, "texture": "#1"},
				"west": {"uv": [0, 0, 0, 4], "rotation": 180, "texture": "#1"},
				"up": {"uv": [2.5, 0, 0, 0], "rotation": 180, "texture": "#1"},
				"down": {"uv": [2.5, 0, 0, 0], "rotation": 180, "texture": "#1"}
			}
		},
		{
			"from": [2.9, 0.1, 6.3],
			"to": [10.9, 5.1, 6.3],
			"rotation": {"angle": -22.5, "axis": "z", "origin": [12.2, 7.5, 6.7]},
			"faces": {
				"north": {"uv": [0, 4, 2.5, 8], "rotation": 270, "texture": "#1"},
				"east": {"uv": [2.5, 0, 0, 0], "rotation": 90, "texture": "#1"},
				"south": {"uv": [0, 4, 2.5, 8], "rotation": 90, "texture": "#1"},
				"west": {"uv": [2.5, 0, 0, 0], "rotation": 90, "texture": "#1"},
				"up": {"uv": [0, 0, 0, 4], "rotation": 90, "texture": "#1"},
				"down": {"uv": [0, 0, 0, 4], "rotation": 90, "texture": "#1"}
			}
		},
		{
			"from": [4.3, 11.3, 6.3],
			"to": [12.3, 16.3, 6.3],
			"rotation": {"angle": 45, "axis": "z", "origin": [12.2, 7.5, 6.7]},
			"faces": {
				"north": {"uv": [0, 4, 2.5, 8], "rotation": 270, "texture": "#1"},
				"east": {"uv": [2.5, 0, 0, 0], "rotation": 90, "texture": "#1"},
				"south": {"uv": [0, 4, 2.5, 8], "rotation": 90, "texture": "#1"},
				"west": {"uv": [2.5, 0, 0, 0], "rotation": 90, "texture": "#1"},
				"up": {"uv": [0, 0, 0, 4], "rotation": 90, "texture": "#1"},
				"down": {"uv": [0, 0, 0, 4], "rotation": 90, "texture": "#1"}
			}
		},
		{
			"from": [1.3, 1.5, 6.5],
			"to": [6.3, 9.5, 6.5],
			"rotation": {"angle": 22.5, "axis": "z", "origin": [3.5, 6.4, 6.5]},
			"faces": {
				"north": {"uv": [10, 0, 7.5, 4], "texture": "#1"},
				"east": {"uv": [0, 0, 0, 4], "texture": "#1"},
				"south": {"uv": [10, 0, 7.5, 4], "texture": "#1"},
				"west": {"uv": [0, 0, 0, 4], "texture": "#1"},
				"up": {"uv": [0, 0, 2.5, 0], "texture": "#1"},
				"down": {"uv": [0, 0, 2.5, 0], "texture": "#1"}
			}
		},
		{
			"from": [2.78536, 8.1, 6.53536],
			"to": [7.78536, 12.1, 6.53536],
			"rotation": {"angle": 22.5, "axis": "z", "origin": [3.53536, 10.4, 6.53536]},
			"faces": {
				"north": {"uv": [10, 0, 7.5, 2.75], "texture": "#1"},
				"east": {"uv": [0, 4, 0, 0], "texture": "#1"},
				"south": {"uv": [7.5, 4, 10, 1.75], "texture": "#1"},
				"west": {"uv": [0, 0, 0, 4], "texture": "#1"},
				"up": {"uv": [2.5, 0, 0, 0], "rotation": 180, "texture": "#1"},
				"down": {"uv": [2.5, 0, 0, 0], "rotation": 180, "texture": "#1"}
			}
		},
		{
			"from": [0.63536, 6.61913, 6.48916],
			"to": [7.43536, 11.61913, 6.48916],
			"rotation": {"angle": 45, "axis": "z", "origin": [3.53536, 10.4, 6.53536]},
			"faces": {
				"north": {"uv": [7.5, 4, 10, 0], "rotation": 270, "texture": "#1"},
				"east": {"uv": [0, 0, 2.5, 0], "rotation": 90, "texture": "#1"},
				"south": {"uv": [10, 0, 7.5, 4], "rotation": 90, "texture": "#1"},
				"west": {"uv": [2.5, 0, 0, 0], "rotation": 90, "texture": "#1"},
				"up": {"uv": [0, 0, 0, 4], "rotation": 90, "texture": "#1"},
				"down": {"uv": [0, 0, 0, 4], "rotation": 90, "texture": "#1"}
			}
		},
		{
			"from": [6.23536, 9.01913, 6.48916],
			"to": [13.03536, 14.01913, 6.48916],
			"rotation": {"angle": 0, "axis": "y", "origin": [3.53536, 10.4, 6.53536]},
			"faces": {
				"north": {"uv": [10, 4, 7.5, 0], "rotation": 270, "texture": "#1"},
				"east": {"uv": [0, 0, 2.5, 0], "rotation": 90, "texture": "#1"},
				"south": {"uv": [10, 0, 7.5, 4], "rotation": 90, "texture": "#1"},
				"west": {"uv": [2.5, 0, 0, 0], "rotation": 90, "texture": "#1"},
				"up": {"uv": [0, 0, 0, 4], "rotation": 90, "texture": "#1"},
				"down": {"uv": [0, 0, 0, 4], "rotation": 90, "texture": "#1"}
			}
		},
		{
			"from": [9.93536, 1.11913, 6.88916],
			"to": [16.73536, 6.11913, 6.88916],
			"rotation": {"angle": 45, "axis": "z", "origin": [10.73536, 4.8, 6.53536]},
			"faces": {
				"north": {"uv": [7.5, 4, 10, 0], "rotation": 270, "texture": "#1"},
				"east": {"uv": [0, 0, 2.5, 0], "rotation": 90, "texture": "#1"},
				"south": {"uv": [10, 0, 7.5, 4], "rotation": 90, "texture": "#1"},
				"west": {"uv": [2.5, 0, 0, 0], "rotation": 90, "texture": "#1"},
				"up": {"uv": [0, 0, 0, 4], "rotation": 90, "texture": "#1"},
				"down": {"uv": [0, 0, 0, 4], "rotation": 90, "texture": "#1"}
			}
		},
		{
			"from": [7.83536, 1.01913, 6.48916],
			"to": [14.63536, 6.01913, 6.48916],
			"rotation": {"angle": 45, "axis": "z", "origin": [10.73536, 4.8, 6.53536]},
			"faces": {
				"north": {"uv": [7.5, 4, 10, 0], "rotation": 270, "texture": "#1"},
				"east": {"uv": [0, 0, 2.5, 0], "rotation": 90, "texture": "#1"},
				"south": {"uv": [10, 0, 7.5, 4], "rotation": 90, "texture": "#1"},
				"west": {"uv": [2.5, 0, 0, 0], "rotation": 90, "texture": "#1"},
				"up": {"uv": [0, 0, 0, 4], "rotation": 90, "texture": "#1"},
				"down": {"uv": [0, 0, 0, 4], "rotation": 90, "texture": "#1"}
			}
		},
		{
			"from": [2.13536, 6.41913, 6.88916],
			"to": [8.93536, 11.41913, 6.88916],
			"rotation": {"angle": 45, "axis": "z", "origin": [3.53536, 10.4, 6.53536]},
			"faces": {
				"north": {"uv": [7.5, 4, 10, 0], "rotation": 270, "texture": "#1"},
				"east": {"uv": [0, 0, 2.5, 0], "rotation": 90, "texture": "#1"},
				"south": {"uv": [10, 0, 7.5, 4], "rotation": 90, "texture": "#1"},
				"west": {"uv": [2.5, 0, 0, 0], "rotation": 90, "texture": "#1"},
				"up": {"uv": [0, 0, 0, 4], "rotation": 90, "texture": "#1"},
				"down": {"uv": [0, 0, 0, 4], "rotation": 90, "texture": "#1"}
			}
		},
		{
			"from": [8.31464, 9.1, 6.53536],
			"to": [13.31464, 13.1, 6.53536],
			"rotation": {"angle": 0, "axis": "y", "origin": [12.56464, 11.4, 6.53536]},
			"faces": {
				"north": {"uv": [7.5, 0, 10, 2.75], "texture": "#1"},
				"east": {"uv": [0, 0, 0, 4], "texture": "#1"},
				"south": {"uv": [10, 4, 7.5, 1.75], "texture": "#1"},
				"west": {"uv": [0, 4, 0, 0], "texture": "#1"},
				"up": {"uv": [0, 0, 2.5, 0], "rotation": 180, "texture": "#1"},
				"down": {"uv": [0, 0, 2.5, 0], "rotation": 180, "texture": "#1"}
			}
		},
		{
			"from": [8.66464, 7.61913, 6.48916],
			"to": [15.46464, 12.61913, 6.48916],
			"rotation": {"angle": -22.5, "axis": "z", "origin": [12.56464, 11.4, 6.53536]},
			"faces": {
				"north": {"uv": [7.5, 0, 10, 4], "rotation": 270, "texture": "#1"},
				"east": {"uv": [2.5, 0, 0, 0], "rotation": 90, "texture": "#1"},
				"south": {"uv": [10, 4, 7.5, 0], "rotation": 90, "texture": "#1"},
				"west": {"uv": [0, 0, 2.5, 0], "rotation": 90, "texture": "#1"},
				"up": {"uv": [0, 4, 0, 0], "rotation": 90, "texture": "#1"},
				"down": {"uv": [0, 4, 0, 0], "rotation": 90, "texture": "#1"}
			}
		},
		{
			"from": [2.51464, 2.1, 6.53536],
			"to": [7.51464, 6.1, 6.53536],
			"rotation": {"angle": 0, "axis": "y", "origin": [6.76464, 4.4, 6.53536]},
			"faces": {
				"north": {"uv": [7.5, 0, 10, 2.75], "texture": "#1"},
				"east": {"uv": [0, 0, 0, 4], "texture": "#1"},
				"south": {"uv": [10, 4, 7.5, 1.75], "texture": "#1"},
				"west": {"uv": [0, 4, 0, 0], "texture": "#1"},
				"up": {"uv": [0, 0, 2.5, 0], "rotation": 180, "texture": "#1"},
				"down": {"uv": [0, 0, 2.5, 0], "rotation": 180, "texture": "#1"}
			}
		},
		{
			"from": [2.86464, 0.61913, 6.48916],
			"to": [9.66464, 5.61913, 6.48916],
			"rotation": {"angle": -22.5, "axis": "z", "origin": [6.76464, 4.4, 6.53536]},
			"faces": {
				"north": {"uv": [7.5, 0, 10, 4], "rotation": 270, "texture": "#1"},
				"east": {"uv": [2.5, 0, 0, 0], "rotation": 90, "texture": "#1"},
				"south": {"uv": [10, 4, 7.5, 0], "rotation": 90, "texture": "#1"},
				"west": {"uv": [0, 0, 2.5, 0], "rotation": 90, "texture": "#1"},
				"up": {"uv": [0, 4, 0, 0], "rotation": 90, "texture": "#1"},
				"down": {"uv": [0, 4, 0, 0], "rotation": 90, "texture": "#1"}
			}
		},
		{
			"from": [8.46464, 0.05, 6.53536],
			"to": [12.46464, 5.05, 6.53536],
			"rotation": {"angle": -45, "axis": "z", "origin": [10.16464, 4.3, 6.53536]},
			"faces": {
				"north": {"uv": [7.5, 0, 10, 2.75], "rotation": 90, "texture": "#1"},
				"east": {"uv": [0, 0, 2.5, 0], "rotation": 90, "texture": "#1"},
				"south": {"uv": [10, 4, 7.5, 1.75], "rotation": 270, "texture": "#1"},
				"west": {"uv": [0, 0, 2.5, 0], "rotation": 90, "texture": "#1"},
				"up": {"uv": [0, 0, 0, 4], "rotation": 270, "texture": "#1"},
				"down": {"uv": [0, 4, 0, 0], "rotation": 270, "texture": "#1"}
			}
		},
		{
			"from": [6.26464, 0.51913, 6.48916],
			"to": [13.06464, 5.51913, 6.48916],
			"rotation": {"angle": 22.5, "axis": "z", "origin": [10.16464, 4.3, 6.53536]},
			"faces": {
				"north": {"uv": [7.5, 0, 10, 4], "rotation": 270, "texture": "#1"},
				"east": {"uv": [2.5, 0, 0, 0], "rotation": 90, "texture": "#1"},
				"south": {"uv": [10, 4, 7.5, 0], "rotation": 90, "texture": "#1"},
				"west": {"uv": [0, 0, 2.5, 0], "rotation": 90, "texture": "#1"},
				"up": {"uv": [0, 4, 0, 0], "rotation": 90, "texture": "#1"},
				"down": {"uv": [0, 4, 0, 0], "rotation": 90, "texture": "#1"}
			}
		},
		{
			"from": [3.5, 2.4, 4.1],
			"to": [3.5, 10.4, 9.1],
			"rotation": {"angle": 45, "axis": "y", "origin": [3.5, 6.4, 6.5]},
			"faces": {
				"north": {"uv": [0, 4, 0, 0], "texture": "#1"},
				"east": {"uv": [7.5, 4, 10, 0], "texture": "#1"},
				"south": {"uv": [0, 0, 0, 4], "texture": "#1"},
				"west": {"uv": [7.5, 4, 10, 0], "texture": "#1"},
				"up": {"uv": [2.5, 0, 0, 0], "rotation": 90, "texture": "#1"},
				"down": {"uv": [2.5, 0, 0, 0], "rotation": 270, "texture": "#1"}
			}
		},
		{
			"from": [10, 2.4, 6.5],
			"to": [15, 10.4, 6.5],
			"rotation": {"angle": -22.5, "axis": "y", "origin": [12.5, 6.4, 6.5]},
			"faces": {
				"north": {"uv": [7.5, 0, 10, 4], "texture": "#1"},
				"east": {"uv": [0, 0, 0, 4], "texture": "#1"},
				"south": {"uv": [7.5, 0, 10, 4], "texture": "#1"},
				"west": {"uv": [0, 0, 0, 4], "texture": "#1"},
				"up": {"uv": [2.5, 0, 0, 0], "texture": "#1"},
				"down": {"uv": [2.5, 0, 0, 0], "texture": "#1"}
			}
		},
		{
			"from": [12.5, 2.4, 4.1],
			"to": [12.5, 10.4, 9.1],
			"rotation": {"angle": -45, "axis": "y", "origin": [12.5, 6.4, 6.5]},
			"faces": {
				"north": {"uv": [0, 4, 0, 0], "texture": "#1"},
				"east": {"uv": [10, 4, 7.5, 0], "texture": "#1"},
				"south": {"uv": [0, 0, 0, 4], "texture": "#1"},
				"west": {"uv": [10, 4, 7.5, 0], "texture": "#1"},
				"up": {"uv": [2.5, 0, 0, 0], "rotation": 90, "texture": "#1"},
				"down": {"uv": [2.5, 0, 0, 0], "rotation": 270, "texture": "#1"}
			}
		}
	],
	"gui_light": "front",
	"display": {
		"thirdperson_righthand": {
			"scale": [0, 0, 0]
		},
		"thirdperson_lefthand": {
			"scale": [0, 0, 0]
		},
		"firstperson_righthand": {
			"scale": [0, 0, 0]
		},
		"firstperson_lefthand": {
			"scale": [0, 0, 0]
		},
		"ground": {
			"scale": [0, 0, 0]
		},
		"gui": {
			"rotation": [30, 225, 0],
			"translation": [-1, 2, 0],
			"scale": [1.1, 1.1, 1.1]
		},
		"head": {
			"translation": [-0.75, 1.5, -1.5],
			"scale": [1.85, 1.85, 1.85]
		},
		"fixed": {
			"scale": [0, 0, 0]
		}
	}
}