{
	"texture_size": [64, 64],
	"textures": {
		"1": "item/skin_head_5"
	},
	"elements": [
		{
			"from": [1.24913, 3.64549, 1.75],
			"to": [13.24913, 8.64549, 13.75],
			"rotation": {"angle": 22.5, "axis": "z", "origin": [5.70767, 8, 8]},
			"faces": {
				"north": {"uv": [5.75, 5.5, 8.75, 6.75], "texture": "#1"},
				"east": {"uv": [0, 6, 3, 7.25], "texture": "#1"},
				"south": {"uv": [8.75, 5.5, 5.75, 6.75], "texture": "#1"},
				"west": {"uv": [6, 6.75, 9, 8], "texture": "#1"},
				"up": {"uv": [3, 3, 0, 0], "texture": "#1"},
				"down": {"uv": [3, 3, 0, 6], "texture": "#1"}
			}
		},
		{
			"from": [2.24913, 6.64549, 2.75],
			"to": [12.24913, 11.64549, 12.75],
			"rotation": {"angle": 22.5, "axis": "z", "origin": [5.70767, 8, 8]},
			"faces": {
				"north": {"uv": [0, 7.25, 2.5, 8.5], "texture": "#1"},
				"east": {"uv": [7.5, 1.5, 10, 2.75], "texture": "#1"},
				"south": {"uv": [2.5, 7.25, 0, 8.5], "texture": "#1"},
				"west": {"uv": [7.75, 4, 10.25, 5.25], "texture": "#1"},
				"up": {"uv": [5.5, 2.5, 3, 0], "texture": "#1"},
				"down": {"uv": [5.5, 2.5, 3, 5], "texture": "#1"}
			}
		},
		{
			"from": [3.24913, 11.64549, 3.75],
			"to": [11.24913, 15.64549, 11.75],
			"rotation": {"angle": 22.5, "axis": "z", "origin": [5.70767, 8, 8]},
			"faces": {
				"north": {"uv": [8, 8, 10, 9], "texture": "#1"},
				"east": {"uv": [8.25, 0, 10.25, 1], "texture": "#1"},
				"south": {"uv": [10, 8, 8, 9], "texture": "#1"},
				"west": {"uv": [8.75, 5.25, 10.75, 6.25], "texture": "#1"},
				"up": {"uv": [7.5, 3.5, 5.5, 1.5], "texture": "#1"},
				"down": {"uv": [7.75, 3.5, 5.75, 5.5], "texture": "#1"}
			}
		},
		{
			"from": [1.75312, 12.94289, 4.75],
			"to": [12.75312, 16.94289, 10.75],
			"rotation": {"angle": 45, "axis": "z", "origin": [5.70767, 8, 8]},
			"faces": {
				"north": {"uv": [2.5, 8, 5.25, 9], "texture": "#1"},
				"east": {"uv": [2, 9, 3.5, 10], "texture": "#1"},
				"south": {"uv": [5.25, 8, 2.5, 9], "texture": "#1"},
				"west": {"uv": [3.5, 9, 5, 10], "texture": "#1"},
				"up": {"uv": [5.75, 6.5, 3, 5], "texture": "#1"},
				"down": {"uv": [8.25, 0, 5.5, 1.5], "texture": "#1"}
			}
		},
		{
			"from": [-4.5, 8, 6.25],
			"to": [-0.5, 12, 10.25],
			"faces": {
				"north": {"uv": [5, 9, 6, 10], "texture": "#1"},
				"east": {"uv": [6, 9, 7, 10], "texture": "#1"},
				"south": {"uv": [9, 6.25, 10, 7.25], "texture": "#1"},
				"west": {"uv": [7, 9, 8, 10], "texture": "#1"},
				"up": {"uv": [9, 10, 8, 9], "texture": "#1"},
				"down": {"uv": [10, 9, 9, 10], "texture": "#1"}
			}
		}
	],
	"gui_light": "front",
	"display": {
		"thirdperson_righthand": {
			"scale": [0, 0, 0]
		},
		"thirdperson_lefthand": {
			"scale": [0, 0, 0]
		},
		"firstperson_righthand": {
			"rotation": [0, -90, 25],
			"translation": [1.13, 3.2, 1.13],
			"scale": [0, 0, 0]
		},
		"firstperson_lefthand": {
			"rotation": [0, -90, 25],
			"translation": [1.13, 3.2, 1.13],
			"scale": [0, 0, 0]
		},
		"ground": {
			"scale": [0, 0, 0]
		},
		"gui": {
			"rotation": [30, -135, 0],
			"translation": [-0.5, -2, 0],
			"scale": [0.7, 0.7, 0.7]
		},
		"head": {
			"translation": [-0.5, 6.25, 0],
			"scale": [1.4, 1.4, 1.4]
		},
		"fixed": {
			"scale": [0, 0, 0]
		}
	}
}