{
	"texture_size": [64, 64],
	"textures": {
		"0": "item/skin_head_7"
	},
	"elements": [
		{
			"from": [3.45852, 3.88209, 0],
			"to": [6.45852, 4.88209, 16],
			"rotation": {"angle": -22.5, "axis": "z", "origin": [8, 8, 10.625]},
			"faces": {
				"north": {"uv": [9.5, 7, 10.25, 7.25], "texture": "#0"},
				"east": {"uv": [8.5, 4.5, 12.5, 4.75], "texture": "#0"},
				"south": {"uv": [9.5, 7.25, 10.25, 7.5], "texture": "#0"},
				"west": {"uv": [8.5, 4.75, 12.5, 5], "texture": "#0"},
				"up": {"uv": [6.5, 9, 5.75, 5], "texture": "#0"},
				"down": {"uv": [7.25, 5, 6.5, 9], "texture": "#0"}
			}
		},
		{
			"from": [3, 5.74738, 3],
			"to": [13, 10.74738, 13],
			"rotation": {"angle": 0, "axis": "y", "origin": [8, 8, 10.625]},
			"faces": {
				"north": {"uv": [5.25, 0, 7.75, 1.25], "texture": "#0"},
				"east": {"uv": [5.25, 1.25, 7.75, 2.5], "texture": "#0"},
				"south": {"uv": [5.25, 2.5, 7.75, 3.75], "texture": "#0"},
				"west": {"uv": [5.25, 3.75, 7.75, 5], "texture": "#0"},
				"up": {"uv": [5.25, 2.5, 2.75, 0], "texture": "#0"},
				"down": {"uv": [5.25, 2.5, 2.75, 5], "texture": "#0"}
			}
		},
		{
			"from": [8.67078, 8.62484, 3.25],
			"to": [13.67078, 10.62484, 12.75],
			"rotation": {"angle": 22.5, "axis": "z", "origin": [8, 8, 10.625]},
			"faces": {
				"north": {"uv": [8.5, 7.5, 9.75, 8], "texture": "#0"},
				"east": {"uv": [8.5, 2.5, 11, 3], "texture": "#0"},
				"south": {"uv": [4.25, 9, 5.5, 9.5], "texture": "#0"},
				"west": {"uv": [8.5, 3, 11, 3.5], "texture": "#0"},
				"up": {"uv": [1.25, 8, 0, 5.5], "texture": "#0"},
				"down": {"uv": [2.5, 5.5, 1.25, 8], "texture": "#0"}
			}
		},
		{
			"from": [3.03249, 8.33035, 3.25],
			"to": [7.03249, 10.33035, 12.75],
			"rotation": {"angle": -22.5, "axis": "z", "origin": [8, 8, 10.625]},
			"faces": {
				"north": {"uv": [9.25, 8.5, 10.25, 9], "texture": "#0"},
				"east": {"uv": [8.5, 3.5, 11, 4], "texture": "#0"},
				"south": {"uv": [9.25, 9, 10.25, 9.5], "texture": "#0"},
				"west": {"uv": [8.5, 4, 11, 4.5], "texture": "#0"},
				"up": {"uv": [1, 10.5, 0, 8], "texture": "#0"},
				"down": {"uv": [2, 8, 1, 10.5], "texture": "#0"}
			}
		},
		{
			"from": [3.38007, 2.4576, 0],
			"to": [5.38007, 3.4576, 16],
			"rotation": {"angle": -45, "axis": "z", "origin": [8, 8, 10.625]},
			"faces": {
				"north": {"uv": [5.75, 9.75, 6.25, 10], "texture": "#0"},
				"east": {"uv": [8.5, 5, 12.5, 5.25], "texture": "#0"},
				"south": {"uv": [6.25, 9.75, 6.75, 10], "texture": "#0"},
				"west": {"uv": [8.5, 5.25, 12.5, 5.5], "texture": "#0"},
				"up": {"uv": [2.5, 12, 2, 8], "texture": "#0"},
				"down": {"uv": [8.5, 4, 8, 8], "texture": "#0"}
			}
		},
		{
			"from": [9.54148, 3.88209, 0],
			"to": [12.54148, 4.88209, 16],
			"rotation": {"angle": 22.5, "axis": "z", "origin": [8, 8, 10.625]},
			"faces": {
				"north": {"uv": [8.25, 9.5, 9, 9.75], "texture": "#0"},
				"east": {"uv": [8.5, 5.5, 12.5, 5.75], "texture": "#0"},
				"south": {"uv": [9, 9.5, 9.75, 9.75], "texture": "#0"},
				"west": {"uv": [8.5, 5.75, 12.5, 6], "texture": "#0"},
				"up": {"uv": [8, 9, 7.25, 5], "texture": "#0"},
				"down": {"uv": [8.5, 0, 7.75, 4], "texture": "#0"}
			}
		},
		{
			"from": [12.5424, 10.61993, 0],
			"to": [13.5424, 12.61993, 16],
			"rotation": {"angle": -45, "axis": "z", "origin": [8, 8, 10.625]},
			"faces": {
				"north": {"uv": [7.75, 9, 8, 9.5], "texture": "#0"},
				"east": {"uv": [8, 8, 12, 8.5], "texture": "#0"},
				"south": {"uv": [2.5, 9.5, 2.75, 10], "texture": "#0"},
				"west": {"uv": [8.5, 0, 12.5, 0.5], "texture": "#0"},
				"up": {"uv": [2.75, 9.5, 2.5, 5.5], "texture": "#0"},
				"down": {"uv": [8.25, 8.5, 8, 12.5], "texture": "#0"}
			}
		},
		{
			"from": [5, 4.78544, 0],
			"to": [11, 5.78544, 16],
			"rotation": {"angle": 0, "axis": "y", "origin": [8, 8, 10.625]},
			"faces": {
				"north": {"uv": [4.25, 9.5, 5.75, 9.75], "texture": "#0"},
				"east": {"uv": [8.5, 6, 12.5, 6.25], "texture": "#0"},
				"south": {"uv": [5.75, 9.5, 7.25, 9.75], "texture": "#0"},
				"west": {"uv": [8.5, 6.25, 12.5, 6.5], "texture": "#0"},
				"up": {"uv": [4.25, 9, 2.75, 5], "texture": "#0"},
				"down": {"uv": [5.75, 5, 4.25, 9], "texture": "#0"}
			}
		},
		{
			"from": [7.79115, 5.72019, 12.75],
			"to": [10.79115, 9.72019, 13.75],
			"rotation": {"angle": -22.5, "axis": "z", "origin": [8, 8, 10.625]},
			"faces": {
				"north": {"uv": [2.75, 9, 3.5, 10], "texture": "#0"},
				"east": {"uv": [7.75, 4, 8, 5], "texture": "#0"},
				"south": {"uv": [3.5, 9, 4.25, 10], "texture": "#0"},
				"west": {"uv": [7.5, 9, 7.75, 10], "texture": "#0"},
				"up": {"uv": [5, 10, 4.25, 9.75], "texture": "#0"},
				"down": {"uv": [5.75, 9.75, 5, 10], "texture": "#0"}
			}
		},
		{
			"from": [2.75, 5.74738, 2.75],
			"to": [13.25, 7.74738, 13.25],
			"rotation": {"angle": 0, "axis": "y", "origin": [8, 8, 10.625]},
			"faces": {
				"north": {"uv": [8.5, 0.5, 11.25, 1], "texture": "#0"},
				"east": {"uv": [8.5, 1, 11.25, 1.5], "texture": "#0"},
				"south": {"uv": [8.5, 1.5, 11.25, 2], "texture": "#0"},
				"west": {"uv": [8.5, 2, 11.25, 2.5], "texture": "#0"},
				"up": {"uv": [2.75, 2.75, 0, 0], "texture": "#0"},
				"down": {"uv": [2.75, 2.75, 0, 5.5], "texture": "#0"}
			}
		},
		{
			"from": [5.69995, 5.23559, 12.5],
			"to": [9.69995, 7.23559, 13.5],
			"rotation": {"angle": -45, "axis": "z", "origin": [8, 8, 10.625]},
			"faces": {
				"north": {"uv": [5.5, 9, 6.5, 9.5], "texture": "#0"},
				"east": {"uv": [7.25, 9.5, 7.5, 10], "texture": "#0"},
				"south": {"uv": [6.5, 9, 7.5, 9.5], "texture": "#0"},
				"west": {"uv": [7.75, 9.5, 8, 10], "texture": "#0"},
				"up": {"uv": [10.5, 6.75, 9.5, 6.5], "texture": "#0"},
				"down": {"uv": [10.5, 6.75, 9.5, 7], "texture": "#0"}
			}
		},
		{
			"from": [6, 6, 2.5],
			"to": [10, 10, 2.5],
			"faces": {
				"north": {"uv": [8.5, 6.5, 9.5, 7.5], "texture": "#0"},
				"east": {"uv": [0, 0, 0, 1], "texture": "#0"},
				"south": {"uv": [8.25, 8.5, 9.25, 9.5], "texture": "#0"},
				"west": {"uv": [0, 0, 0, 1], "texture": "#0"},
				"up": {"uv": [1, 0, 0, 0], "texture": "#0"},
				"down": {"uv": [1, 0, 0, 0], "texture": "#0"}
			}
		}
	],
	"display": {
		"thirdperson_righthand": {
			"scale": [0, 0, 0]
		},
		"thirdperson_lefthand": {
			"scale": [0, 0, 0]
		},
		"firstperson_righthand": {
			"scale": [0, 0, 0]
		},
		"firstperson_lefthand": {
			"scale": [0, 0, 0]
		},
		"ground": {
			"scale": [0, 0, 0]
		},
		"gui": {
			"rotation": [30, 225, 0],
			"scale": [0.7, 0.7, 0.7]
		},
		"head": {
			"translation": [0, 5, 0],
			"scale": [1.6, 1.6, 1.6]
		},
		"fixed": {
			"scale": [0, 0, 0]
		}
	},
	"groups": [
		{
			"name": "group",
			"origin": [5.51851, 8.78388, 2.5],
			"color": 0,
			"children": [0, 1, 2, 3, 4, 5, 6, 7, 8, 9, 10]
		},
		11
	]
}