{
	"credit": "Made with Blockbench",
	"textures": {
		"1": "item/skin_head_12_1",
		"2": "item/skin_head_12_2"
	},
	"elements": [
		{
			"from": [1.24913, 3.64549, 1.75],
			"to": [13.24913, 8.64549, 13.75],
			"rotation": {"angle": 22.5, "axis": "z", "origin": [5.70767, 8, 8]},
			"faces": {
				"north": {"uv": [5.75, 5.5, 8.75, 6.75], "texture": "#2"},
				"east": {"uv": [0, 6, 3, 7.25], "texture": "#2"},
				"south": {"uv": [3, 6.75, 6, 8], "texture": "#2"},
				"west": {"uv": [6, 6.75, 9, 8], "texture": "#2"},
				"up": {"uv": [3, 3, 0, 0], "texture": "#2"},
				"down": {"uv": [3, 3, 0, 6], "texture": "#2"}
			}
		},
		{
			"from": [2.24913, 6.64549, 2.75],
			"to": [12.24913, 11.64549, 12.75],
			"rotation": {"angle": 22.5, "axis": "z", "origin": [5.70767, 8, 8]},
			"faces": {
				"north": {"uv": [0, 7.25, 2.5, 8.5], "texture": "#2"},
				"east": {"uv": [7.5, 1.5, 10, 2.75], "texture": "#2"},
				"south": {"uv": [7.75, 2.75, 10.25, 4], "texture": "#2"},
				"west": {"uv": [7.75, 4, 10.25, 5.25], "texture": "#2"},
				"up": {"uv": [5.5, 2.5, 3, 0], "texture": "#2"},
				"down": {"uv": [5.5, 2.5, 3, 5], "texture": "#2"}
			}
		},
		{
			"from": [3.24913, 11.64549, 3.75],
			"to": [11.24913, 15.64549, 11.75],
			"rotation": {"angle": 22.5, "axis": "z", "origin": [5.70767, 8, 8]},
			"faces": {
				"north": {"uv": [8, 8, 10, 9], "texture": "#2"},
				"east": {"uv": [8.25, 0, 10.25, 1], "texture": "#2"},
				"south": {"uv": [10, 8, 8, 9], "texture": "#2"},
				"west": {"uv": [8.75, 5.25, 10.75, 6.25], "texture": "#2"},
				"up": {"uv": [7.5, 3.5, 5.5, 1.5], "texture": "#2"},
				"down": {"uv": [7.75, 3.5, 5.75, 5.5], "texture": "#2"}
			}
		},
		{
			"from": [1.75312, 12.94289, 4.75],
			"to": [12.75312, 16.94289, 10.75],
			"rotation": {"angle": 45, "axis": "z", "origin": [5.70767, 8, 8]},
			"faces": {
				"north": {"uv": [2.5, 8, 5.25, 9], "texture": "#2"},
				"east": {"uv": [9, 6.25, 10.5, 7.25], "texture": "#2"},
				"south": {"uv": [5.25, 8, 8, 9], "texture": "#2"},
				"west": {"uv": [6.5, 9, 8, 10], "texture": "#2"},
				"up": {"uv": [5.75, 6.5, 3, 5], "texture": "#2"},
				"down": {"uv": [8.25, 0, 5.5, 1.5], "texture": "#2"}
			}
		},
		{
			"from": [-4.5, 8, 5.75],
			"to": [-0.5, 12, 9.75],
			"faces": {
				"north": {"uv": [8, 9, 9, 10], "texture": "#2"},
				"east": {"uv": [9, 9, 10, 10], "texture": "#2"},
				"south": {"uv": [0, 9.5, 1, 10.5], "texture": "#2"},
				"west": {"uv": [1, 9.5, 2, 10.5], "texture": "#2"},
				"up": {"uv": [3, 10.75, 2, 9.75], "texture": "#2"},
				"down": {"uv": [4, 9.75, 3, 10.75], "texture": "#2"}
			}
		},
		{
			"from": [-0.79289, 13.70711, 9],
			"to": [-0.79289, 14.70711, 10],
			"rotation": {"angle": -45, "axis": "z", "origin": [-0.79289, 14.20711, 9.5]},
			"faces": {
				"north": {"uv": [0, 0, 0, 1], "texture": "#1"},
				"east": {"uv": [0, 0, 1, 1], "texture": "#1"},
				"south": {"uv": [0, 0, 0, 1], "texture": "#1"},
				"west": {"uv": [0, 1, 1, 2], "texture": "#1"},
				"up": {"uv": [1, 0, 0, 0], "rotation": 90, "texture": "#1"},
				"down": {"uv": [1, 0, 0, 0], "rotation": 270, "texture": "#1"}
			}
		},
		{
			"from": [-1.5, 14, 6],
			"to": [-1.5, 15, 7],
			"rotation": {"angle": -45, "axis": "z", "origin": [-1.5, 13.5, 8.5]},
			"faces": {
				"north": {"uv": [0, 0, 0, 1], "texture": "#1"},
				"east": {"uv": [0, 1, 1, 2], "texture": "#1"},
				"south": {"uv": [0, 0, 0, 1], "texture": "#1"},
				"west": {"uv": [0, 0, 1, 1], "texture": "#1"},
				"up": {"uv": [1, 0, 0, 0], "rotation": 270, "texture": "#1"},
				"down": {"uv": [1, 0, 0, 0], "rotation": 90, "texture": "#1"}
			}
		},
		{
			"from": [1, 13, 3.5],
			"to": [2, 14, 3.5],
			"rotation": {"angle": 0, "axis": "y", "origin": [1.5, 13.5, 3.5]},
			"faces": {
				"north": {"uv": [0, 1, 1, 2], "texture": "#1"},
				"east": {"uv": [0, 0, 0, 1], "texture": "#1"},
				"south": {"uv": [0, 0, 1, 1], "texture": "#1"},
				"west": {"uv": [0, 0, 0, 1], "texture": "#1"},
				"up": {"uv": [1, 0, 0, 0], "rotation": 180, "texture": "#1"},
				"down": {"uv": [1, 0, 0, 0], "rotation": 180, "texture": "#1"}
			}
		},
		{
			"from": [3.5, 12.5, 3.25],
			"to": [4.5, 13.5, 3.25],
			"rotation": {"angle": -22.5, "axis": "z", "origin": [4, 13, 3.25]},
			"faces": {
				"north": {"uv": [0, 0, 1, 1], "texture": "#1"},
				"east": {"uv": [0, 0, 0, 1], "texture": "#1"},
				"south": {"uv": [0, 1, 1, 2], "texture": "#1"},
				"west": {"uv": [0, 0, 0, 1], "texture": "#1"},
				"up": {"uv": [1, 0, 0, 0], "texture": "#1"},
				"down": {"uv": [1, 0, 0, 0], "texture": "#1"}
			}
		},
		{
			"from": [6.25, 12.75, 3.25],
			"to": [7.25, 13.75, 3.25],
			"rotation": {"angle": 45, "axis": "z", "origin": [6.75, 13.25, 3.25]},
			"faces": {
				"north": {"uv": [0, 1, 1, 2], "texture": "#1"},
				"east": {"uv": [0, 0, 0, 1], "texture": "#1"},
				"south": {"uv": [0, 0, 1, 1], "texture": "#1"},
				"west": {"uv": [0, 0, 0, 1], "texture": "#1"},
				"up": {"uv": [1, 0, 0, 0], "rotation": 180, "texture": "#1"},
				"down": {"uv": [1, 0, 0, 0], "rotation": 180, "texture": "#1"}
			}
		},
		{
			"from": [8, 14, 3.5],
			"to": [9, 15, 3.5],
			"faces": {
				"north": {"uv": [0, 0, 1, 1], "texture": "#1"},
				"east": {"uv": [0, 0, 0, 1], "texture": "#1"},
				"south": {"uv": [0, 1, 1, 2], "texture": "#1"},
				"west": {"uv": [0, 0, 0, 1], "texture": "#1"},
				"up": {"uv": [1, 0, 0, 0], "texture": "#1"},
				"down": {"uv": [1, 0, 0, 0], "texture": "#1"}
			}
		},
		{
			"from": [9.5, 14, 4],
			"to": [9.5, 15, 5],
			"rotation": {"angle": 22.5, "axis": "z", "origin": [9.5, 14.5, 4.5]},
			"faces": {
				"north": {"uv": [0, 0, 0, 1], "texture": "#1"},
				"east": {"uv": [0, 1, 1, 2], "texture": "#1"},
				"south": {"uv": [0, 0, 0, 1], "texture": "#1"},
				"west": {"uv": [0, 0, 1, 1], "texture": "#1"},
				"up": {"uv": [1, 0, 0, 0], "rotation": 270, "texture": "#1"},
				"down": {"uv": [1, 0, 0, 0], "rotation": 90, "texture": "#1"}
			}
		},
		{
			"from": [9.94134, 13.78806, 7.25],
			"to": [9.94134, 14.78806, 8.25],
			"rotation": {"angle": 22.5, "axis": "z", "origin": [9.69134, 14.03806, 8.5]},
			"faces": {
				"north": {"uv": [0, 0, 0, 1], "texture": "#1"},
				"east": {"uv": [0, 1, 1, 2], "texture": "#1"},
				"south": {"uv": [0, 0, 0, 1], "texture": "#1"},
				"west": {"uv": [0, 0, 1, 1], "texture": "#1"},
				"up": {"uv": [1, 0, 0, 0], "rotation": 270, "texture": "#1"},
				"down": {"uv": [1, 0, 0, 0], "rotation": 90, "texture": "#1"}
			}
		},
		{
			"from": [9.5, 14, 10],
			"to": [9.5, 15, 11],
			"rotation": {"angle": 22.5, "axis": "z", "origin": [9.5, 14.5, 10.5]},
			"faces": {
				"north": {"uv": [0, 0, 0, 1], "texture": "#1"},
				"east": {"uv": [0, 0, 1, 1], "texture": "#1"},
				"south": {"uv": [0, 0, 0, 1], "texture": "#1"},
				"west": {"uv": [0, 1, 1, 2], "texture": "#1"},
				"up": {"uv": [1, 0, 0, 0], "rotation": 90, "texture": "#1"},
				"down": {"uv": [1, 0, 0, 0], "rotation": 270, "texture": "#1"}
			}
		},
		{
			"from": [1, 13, 12],
			"to": [2, 14, 12],
			"rotation": {"angle": 0, "axis": "y", "origin": [1.5, 13.5, 3.5]},
			"faces": {
				"north": {"uv": [0, 1, 1, 2], "texture": "#1"},
				"east": {"uv": [0, 0, 0, 1], "texture": "#1"},
				"south": {"uv": [0, 0, 1, 1], "texture": "#1"},
				"west": {"uv": [0, 0, 0, 1], "texture": "#1"},
				"up": {"uv": [1, 0, 0, 0], "rotation": 180, "texture": "#1"},
				"down": {"uv": [1, 0, 0, 0], "rotation": 180, "texture": "#1"}
			}
		},
		{
			"from": [3.5, 12.5, 12.25],
			"to": [4.5, 13.5, 12.25],
			"rotation": {"angle": -22.5, "axis": "z", "origin": [4, 13, 12.25]},
			"faces": {
				"north": {"uv": [0, 0, 1, 1], "texture": "#1"},
				"east": {"uv": [0, 0, 0, 1], "texture": "#1"},
				"south": {"uv": [0, 1, 1, 2], "texture": "#1"},
				"west": {"uv": [0, 0, 0, 1], "texture": "#1"},
				"up": {"uv": [1, 0, 0, 0], "texture": "#1"},
				"down": {"uv": [1, 0, 0, 0], "texture": "#1"}
			}
		},
		{
			"from": [6.25, 12.75, 12.25],
			"to": [7.25, 13.75, 12.25],
			"rotation": {"angle": 22.5, "axis": "z", "origin": [6.75, 13.25, 12.25]},
			"faces": {
				"north": {"uv": [0, 1, 1, 2], "texture": "#1"},
				"east": {"uv": [0, 0, 0, 1], "texture": "#1"},
				"south": {"uv": [0, 0, 1, 1], "texture": "#1"},
				"west": {"uv": [0, 0, 0, 1], "texture": "#1"},
				"up": {"uv": [1, 0, 0, 0], "rotation": 180, "texture": "#1"},
				"down": {"uv": [1, 0, 0, 0], "rotation": 180, "texture": "#1"}
			}
		},
		{
			"from": [8, 14, 12],
			"to": [9, 15, 12],
			"faces": {
				"north": {"uv": [0, 0, 1, 1], "texture": "#1"},
				"east": {"uv": [0, 0, 0, 1], "texture": "#1"},
				"south": {"uv": [0, 1, 1, 2], "texture": "#1"},
				"west": {"uv": [0, 0, 0, 1], "texture": "#1"},
				"up": {"uv": [1, 0, 0, 0], "texture": "#1"},
				"down": {"uv": [1, 0, 0, 0], "texture": "#1"}
			}
		}
	],
	"gui_light": "front",
	"display": {
		"thirdperson_righthand": {
			"scale": [0, 0, 0]
		},
		"thirdperson_lefthand": {
			"scale": [0, 0, 0]
		},
		"firstperson_righthand": {
			"rotation": [0, -90, 25],
			"translation": [1.13, 3.2, 1.13],
			"scale": [0, 0, 0]
		},
		"firstperson_lefthand": {
			"rotation": [0, -90, 25],
			"translation": [1.13, 3.2, 1.13],
			"scale": [0, 0, 0]
		},
		"ground": {
			"scale": [0, 0, 0]
		},
		"gui": {
			"rotation": [30, -135, 0],
			"translation": [-0.5, -2, 0],
			"scale": [0.7, 0.7, 0.7]
		},
		"head": {
			"translation": [-0.5, 6.25, 0],
			"scale": [1.4, 1.4, 1.4]
		},
		"fixed": {
			"scale": [0, 0, 0]
		}
	}
}