{
	"texture_size": [64, 64],
	"textures": {
		"0": "item/skin_head_8"
	},
	"elements": [
		{
			"from": [2, 7.25, 2],
			"to": [14, 18.25, 14],
			"rotation": {"angle": 0, "axis": "y", "origin": [2, -2.75, 2]},
			"faces": {
				"north": {"uv": [8.25, 0, 11.25, 2.75], "texture": "#0"},
				"east": {"uv": [8.25, 0, 11.25, 2.75], "texture": "#0"},
				"south": {"uv": [8.25, 0, 11.25, 2.75], "texture": "#0"},
				"west": {"uv": [8.25, 0, 11.25, 2.75], "texture": "#0"},
				"up": {"uv": [8, 9.5, 5, 6.5], "texture": "#0"},
				"down": {"uv": [11, 6.5, 8, 9.5], "texture": "#0"}
			}
		},
		{
			"from": [1.5, 8.25, 1.5],
			"to": [14.5, 10.25, 14.5],
			"rotation": {"angle": 0, "axis": "y", "origin": [1.5, -2.75, 2.5]},
			"faces": {
				"north": {"uv": [8.25, 5.5, 11.5, 6], "texture": "#0"},
				"east": {"uv": [8.25, 5.5, 11.5, 6], "texture": "#0"},
				"south": {"uv": [8.25, 5.5, 11.5, 6], "texture": "#0"},
				"west": {"uv": [8.25, 5.5, 11.5, 6], "texture": "#0"},
				"up": {"uv": [8.25, 3.25, 5, 0], "texture": "#0"},
				"down": {"uv": [8.25, 3.25, 5, 6.5], "texture": "#0"}
			}
		},
		{
			"from": [14.75, 9.25, 4.5],
			"to": [14.75, 12.25, 8.5],
			"rotation": {"angle": 0, "axis": "y", "origin": [1.5, -2.75, 2.5]},
			"faces": {
				"north": {"uv": [0, 0, 0, 0.75], "texture": "#0"},
				"east": {"uv": [3.25, 10, 4.25, 10.75], "texture": "#0"},
				"south": {"uv": [0, 0, 0, 0.75], "texture": "#0"},
				"west": {"uv": [4.25, 10, 3.25, 10.75], "texture": "#0"},
				"up": {"uv": [0, 1, 0, 0], "texture": "#0"},
				"down": {"uv": [0, 0, 0, 1], "texture": "#0"}
			}
		},
		{
			"from": [15, 8.25, 6.5],
			"to": [15, 11.25, 10.5],
			"rotation": {"angle": 0, "axis": "y", "origin": [1.5, -2.75, 2.5]},
			"faces": {
				"north": {"uv": [0, 0, 0, 0.75], "texture": "#0"},
				"east": {"uv": [0, 11, 1, 11.75], "texture": "#0"},
				"south": {"uv": [0, 0, 0, 0.75], "texture": "#0"},
				"west": {"uv": [1, 11, 0, 11.75], "texture": "#0"},
				"up": {"uv": [0, 1, 0, 0], "texture": "#0"},
				"down": {"uv": [0, 0, 0, 1], "texture": "#0"}
			}
		},
		{
			"from": [-2, 7.25, -2],
			"to": [18, 7.25, 18],
			"rotation": {"angle": 0, "axis": "y", "origin": [2, -2.75, 2]},
			"faces": {
				"north": {"uv": [0, 0, 5, 0], "texture": "#0"},
				"east": {"uv": [0, 0, 5, 0], "texture": "#0"},
				"south": {"uv": [0, 0, 5, 0], "texture": "#0"},
				"west": {"uv": [0, 0, 5, 0], "texture": "#0"},
				"up": {"uv": [5, 5, 0, 0], "texture": "#0"},
				"down": {"uv": [5, 0, 0, 5], "texture": "#0"}
			}
		},
		{
			"from": [7, 3.25, -2],
			"to": [9, 5.25, 3],
			"rotation": {"angle": 0, "axis": "y", "origin": [7, -2.75, 7]},
			"faces": {
				"north": {"uv": [11, 8.25, 11.5, 8.75], "texture": "#0"},
				"east": {"uv": [2, 11, 3.25, 11.5], "texture": "#0"},
				"south": {"uv": [11, 8.75, 11.5, 9.25], "texture": "#0"},
				"west": {"uv": [11, 6.5, 12.25, 7], "texture": "#0"},
				"up": {"uv": [4.75, 11.25, 4.25, 10], "texture": "#0"},
				"down": {"uv": [11.5, 7, 11, 8.25], "texture": "#0"}
			}
		}
	],
	"gui_light": "front",
	"display": {
		"thirdperson_righthand": {
			"scale": [0, 0, 0]
		},
		"thirdperson_lefthand": {
			"scale": [0, 0, 0]
		},
		"firstperson_righthand": {
			"scale": [0, 0, 0]
		},
		"firstperson_lefthand": {
			"scale": [0, 0, 0]
		},
		"ground": {
			"scale": [0, 0, 0]
		},
		"gui": {
			"rotation": [30, -135, 0],
			"translation": [0, -1.5, 0],
			"scale": [0.625, 0.625, 0.625]
		},
		"head": {
			"translation": [0, 3, 0],
			"scale": [1.25, 1.25, 1.25]
		},
		"fixed": {
			"scale": [0, 0, 0]
		}
	}
}