{
	"credit": "Made with Blockbench",
	"textures": {
		"0": "block/white_concrete",
		"1": "block/red_stained_glass",
		"2": "block/blue_stained_glass",
		"particle": "block/white_concrete"
	},
	"elements": [
		{
			"from": [3, 5, 6],
			"to": [4, 7, 12],
			"faces": {
				"north": {"uv": [0, 0, 1, 2], "texture": "#0"},
				"east": {"uv": [0, 0, 6, 2], "texture": "#0"},
				"south": {"uv": [0, 0, 1, 2], "texture": "#0"},
				"west": {"uv": [0, 0, 6, 2], "texture": "#0"},
				"up": {"uv": [0, 0, 1, 6], "texture": "#0"},
				"down": {"uv": [0, 0, 1, 6], "texture": "#0"}
			}
		},
		{
			"from": [4, 6, 4],
			"to": [11, 7, 5],
			"faces": {
				"north": {"uv": [0, 0, 7, 1], "texture": "#0"},
				"east": {"uv": [0, 0, 1, 1], "texture": "#0"},
				"south": {"uv": [0, 0, 7, 1], "texture": "#0"},
				"west": {"uv": [0, 0, 1, 1], "texture": "#0"},
				"up": {"uv": [0, 0, 7, 1], "texture": "#0"},
				"down": {"uv": [0, 0, 7, 1], "texture": "#0"}
			}
		},
		{
			"from": [6.5, 5, 4],
			"to": [8.5, 6, 5],
			"faces": {
				"north": {"uv": [0, 0, 2, 1], "texture": "#0"},
				"south": {"uv": [0, 0, 2, 1], "texture": "#0"},
				"up": {"uv": [0, 0, 2, 1], "texture": "#0"},
				"down": {"uv": [0, 0, 2, 1], "texture": "#0"}
			}
		},
		{
			"from": [8.5, 3.5, 4],
			"to": [12, 6, 5],
			"faces": {
				"north": {"uv": [0, 0, 3.5, 2], "texture": "#2"},
				"east": {"uv": [0, 0, 1, 2], "texture": "#2"},
				"west": {"uv": [0, 0, 1, 2], "texture": "#2"},
				"up": {"uv": [0, 0, 3.5, 1], "texture": "#2"},
				"down": {"uv": [0, 0, 3.5, 1], "texture": "#2"}
			}
		},
		{
			"from": [3, 3.5, 4],
			"to": [6.5, 6, 5],
			"faces": {
				"north": {"uv": [12.5, 0, 16, 2], "texture": "#1"},
				"east": {"uv": [12.5, 0, 13.5, 2], "texture": "#1"},
				"west": {"uv": [12.5, 0, 13.5, 2], "texture": "#1"},
				"up": {"uv": [12.5, 0, 16, 1], "texture": "#1"},
				"down": {"uv": [12.5, 0, 16, 1], "texture": "#1"}
			}
		},
		{
			"from": [11, 5, 6],
			"to": [12, 7, 12],
			"faces": {
				"north": {"uv": [0, 0, 1, 2], "texture": "#0"},
				"east": {"uv": [0, 0, 6, 2], "texture": "#0"},
				"south": {"uv": [0, 0, 1, 2], "texture": "#0"},
				"west": {"uv": [0, 0, 6, 2], "texture": "#0"},
				"up": {"uv": [0, 0, 1, 6], "texture": "#0"},
				"down": {"uv": [0, 0, 1, 6], "texture": "#0"}
			}
		},
		{
			"from": [11, 6, 4],
			"to": [12, 7, 6],
			"faces": {
				"north": {"uv": [0, 0, 1, 1], "texture": "#0"},
				"east": {"uv": [0, 0, 2, 1], "texture": "#0"},
				"south": {"uv": [0, 0, 1, 1], "texture": "#0"},
				"west": {"uv": [0, 0, 2, 1], "texture": "#0"},
				"up": {"uv": [0, 0, 1, 2], "texture": "#0"},
				"down": {"uv": [0, 0, 1, 2], "texture": "#0"}
			}
		},
		{
			"from": [3, 6, 4],
			"to": [4, 7, 6],
			"faces": {
				"north": {"uv": [0, 0, 1, 1], "texture": "#0"},
				"east": {"uv": [0, 0, 2, 1], "texture": "#0"},
				"south": {"uv": [0, 0, 1, 1], "texture": "#0"},
				"west": {"uv": [0, 0, 2, 1], "texture": "#0"},
				"up": {"uv": [0, 0, 1, 2], "texture": "#0"},
				"down": {"uv": [0, 0, 1, 2], "texture": "#0"}
			}
		},
		{
			"from": [11, 4, 12],
			"to": [12, 6, 14],
			"faces": {
				"north": {"uv": [0, 0, 1, 2], "texture": "#0"},
				"east": {"uv": [0, 0, 2, 2], "texture": "#0"},
				"south": {"uv": [0, 0, 1, 2], "texture": "#0"},
				"west": {"uv": [0, 0, 2, 2], "texture": "#0"},
				"up": {"uv": [0, 0, 1, 2], "texture": "#0"},
				"down": {"uv": [0, 0, 1, 2], "texture": "#0"}
			}
		},
		{
			"from": [3, 4, 12],
			"to": [4, 6, 14],
			"faces": {
				"north": {"uv": [0, 0, 1, 2], "texture": "#0"},
				"east": {"uv": [0, 0, 2, 2], "texture": "#0"},
				"south": {"uv": [0, 0, 1, 2], "texture": "#0"},
				"west": {"uv": [0, 0, 2, 2], "texture": "#0"},
				"up": {"uv": [0, 0, 1, 2], "texture": "#0"},
				"down": {"uv": [0, 0, 1, 2], "texture": "#0"}
			}
		}
	],
	"display": {
		"gui": {
			"rotation": [26, -149, -5],
			"translation": [-0.25, 1.75, 0]
		},
		"head": {
			"translation": [0.75, 3.75, -1.75],
			"scale": [1.58, 1.58, 1.58]
		}
	}
}