{
	"credit": "Made with Blockbench",
	"textures": {
		"3": "block/black_shulker_box",
		"4": "block/gray_concrete",
		"5": "block/light_gray_concrete",
		"6": "block/brown_terracotta",
		"8": "custom/steel",
		"9": "custom/steel_dark",
		"10": "custom/ochre_froglight_side_emissive",
		"particle": "block/gray_concrete"
	},
	"elements": [
		{
			"from": [1.25, 1.5, 2.125],
			"to": [1.75, 1.75, 5.375],
			"rotation": {"angle": 0, "axis": "y", "origin": [-1, 1, -1.25]},
			"faces": {
				"north": {"uv": [1, 14, 2, 15], "texture": "#9"},
				"east": {"uv": [1, 14, 13, 15], "texture": "#9"},
				"south": {"uv": [1, 14, 2, 15], "texture": "#9"},
				"west": {"uv": [1, 14, 13, 15], "texture": "#9"},
				"up": {"uv": [2, 1, 12, 2], "texture": "#9"},
				"down": {"uv": [2, 1, 12, 2], "texture": "#9"}
			}
		},
		{
			"from": [0.75, 1.5, 3.875],
			"to": [1.5, 1.75, 5.875],
			"rotation": {"angle": 45, "axis": "y", "origin": [-1, 1, -1.25]},
			"faces": {
				"north": {"uv": [7, 13, 15, 14], "texture": "#9"},
				"east": {"uv": [8, 13, 10, 14], "texture": "#9"},
				"south": {"uv": [7, 13, 15, 14], "texture": "#9"},
				"west": {"uv": [8, 13, 10, 14], "texture": "#9"},
				"up": {"uv": [3, 4, 5, 9], "rotation": 180, "texture": "#9"},
				"down": {"uv": [3, 4, 5, 9], "rotation": 180, "texture": "#9"}
			}
		},
		{
			"from": [5.25, 1.5, 2.125],
			"to": [5.75, 1.75, 5.375],
			"rotation": {"angle": 0, "axis": "y", "origin": [-1, 1, -1.25]},
			"faces": {
				"north": {"uv": [1, 14, 2, 15], "texture": "#9"},
				"east": {"uv": [1, 14, 13, 15], "texture": "#9"},
				"south": {"uv": [1, 14, 2, 15], "texture": "#9"},
				"west": {"uv": [1, 14, 13, 15], "texture": "#9"},
				"up": {"uv": [2, 1, 12, 2], "texture": "#9"},
				"down": {"uv": [2, 1, 12, 2], "texture": "#9"}
			}
		},
		{
			"from": [1.525, 1.5, 5.375],
			"to": [5.425, 1.75, 5.875],
			"rotation": {"angle": 0, "axis": "y", "origin": [-1, 1, -1.25]},
			"faces": {
				"north": {"uv": [0, 14, 14, 15], "texture": "#9"},
				"east": {"uv": [5, 13, 11, 14], "texture": "#9"},
				"south": {"uv": [0, 14, 14, 15], "texture": "#9"},
				"west": {"uv": [5, 13, 11, 14], "texture": "#9"},
				"up": {"uv": [5, 12.1, 5.5, 16], "rotation": 270, "texture": "#9"},
				"down": {"uv": [5, 12.1, 5.5, 16], "rotation": 90, "texture": "#9"}
			}
		},
		{
			"from": [2.5, 0.75, 0.75],
			"to": [4.5, 1, 1.5],
			"rotation": {"angle": -22.5, "axis": "x", "origin": [-1, 1, -1.25]},
			"faces": {
				"north": {"uv": [5, 13, 13, 14], "texture": "#9"},
				"east": {"uv": [7, 13, 9, 14], "texture": "#9"},
				"south": {"uv": [5, 13, 13, 14], "texture": "#9"},
				"west": {"uv": [7, 13, 9, 14], "texture": "#9"},
				"up": {"uv": [12, 8, 14, 14], "rotation": 270, "texture": "#9"},
				"down": {"uv": [12, 8, 14, 14], "rotation": 270, "texture": "#9"}
			}
		},
		{
			"from": [-1.85, 1.5, 2.625],
			"to": [0.15, 1.75, 3.375],
			"rotation": {"angle": 45, "axis": "y", "origin": [-1, 1, -1.25]},
			"faces": {
				"north": {"uv": [7, 13, 15, 14], "texture": "#9"},
				"east": {"uv": [8, 13, 10, 14], "texture": "#9"},
				"south": {"uv": [7, 13, 15, 14], "texture": "#9"},
				"west": {"uv": [8, 13, 10, 14], "texture": "#9"},
				"up": {"uv": [3, 2, 6, 9], "rotation": 270, "texture": "#9"},
				"down": {"uv": [3, 4, 5, 9], "rotation": 90, "texture": "#9"}
			}
		},
		{
			"from": [1.75, 1.625, 5.025],
			"to": [5.25, 3.125, 5.775],
			"rotation": {"angle": 0, "axis": "y", "origin": [3.5, 2.875, 3.4]},
			"faces": {
				"north": {"uv": [0, 4, 11, 8], "rotation": 180, "texture": "#9"},
				"east": {"uv": [5, 4, 8.5, 6], "rotation": 90, "texture": "#9"},
				"south": {"uv": [0, 4, 11, 8], "texture": "#9"},
				"west": {"uv": [5, 4, 8.5, 6], "rotation": 270, "texture": "#9"},
				"up": {"uv": [5, 4, 9, 6], "texture": "#9"},
				"down": {"uv": [5, 4, 9, 6], "rotation": 180, "texture": "#9"}
			}
		},
		{
			"from": [2.5, 1.525, 5.775],
			"to": [4.5, 2.375, 6.025],
			"rotation": {"angle": 0, "axis": "y", "origin": [3.5, 2.875, 3.4]},
			"faces": {
				"north": {"uv": [10, 13, 16, 16], "rotation": 180, "texture": "#9"},
				"east": {"uv": [9, 14, 10, 16], "rotation": 90, "texture": "#9"},
				"south": {"uv": [10, 13, 16, 16], "texture": "#9"},
				"west": {"uv": [9, 14, 10, 16], "rotation": 270, "texture": "#9"},
				"up": {"uv": [10, 14, 14, 15], "texture": "#9"},
				"down": {"uv": [10, 14, 14, 15], "rotation": 180, "texture": "#9"}
			}
		},
		{
			"from": [2.75, 3.025, 5.375],
			"to": [4.25, 3.625, 5.625],
			"rotation": {"angle": 0, "axis": "y", "origin": [3.5, 2.875, 3.4]},
			"faces": {
				"north": {"uv": [6, 13, 13, 15], "rotation": 180, "texture": "#9"},
				"east": {"uv": [9, 14, 10, 16], "rotation": 90, "texture": "#9"},
				"south": {"uv": [6, 14, 13, 16], "texture": "#9"},
				"west": {"uv": [9, 14, 10, 16], "rotation": 270, "texture": "#9"},
				"up": {"uv": [10, 14, 14, 15], "texture": "#9"},
				"down": {"uv": [10, 14, 14, 15], "rotation": 180, "texture": "#9"}
			}
		},
		{
			"from": [4.875, 1.625, 1.575],
			"to": [5.375, 2.825, 5.2],
			"rotation": {"angle": 0, "axis": "y", "origin": [3.5, 2.875, 3.4]},
			"faces": {
				"north": {"uv": [9, 10, 16, 12], "rotation": 90, "texture": "#9"},
				"east": {"uv": [1, 6, 12, 10], "texture": "#9"},
				"south": {"uv": [9, 12, 16, 14], "rotation": 90, "texture": "#9"},
				"west": {"uv": [1, 10, 12, 6], "rotation": 180, "texture": "#9"},
				"up": {"uv": [8, 6, 15, 8], "rotation": 270, "texture": "#9"},
				"down": {"uv": [8, 6, 15, 8], "rotation": 270, "texture": "#9"}
			}
		},
		{
			"from": [1.625, 1.625, 1.575],
			"to": [2.125, 2.825, 5.2],
			"rotation": {"angle": 0, "axis": "y", "origin": [3.5, 2.875, 3.4]},
			"faces": {
				"north": {"uv": [9, 12, 16, 10], "rotation": 90, "texture": "#9"},
				"east": {"uv": [1, 10, 12, 6], "texture": "#9"},
				"south": {"uv": [9, 12, 16, 14], "rotation": 90, "texture": "#9"},
				"west": {"uv": [1, 10, 12, 6], "rotation": 180, "texture": "#9"},
				"up": {"uv": [8, 6, 15, 8], "rotation": 270, "texture": "#9"},
				"down": {"uv": [8, 6, 15, 8], "rotation": 270, "texture": "#9"}
			}
		},
		{
			"from": [1.625, 2.75, 2.025],
			"to": [2.125, 3.225, 5.025],
			"rotation": {"angle": 0, "axis": "y", "origin": [3.5, 2.875, 3.4]},
			"faces": {
				"north": {"uv": [8, 6, 10, 7], "rotation": 90, "texture": "#9"},
				"east": {"uv": [5, 6, 11, 7], "texture": "#9"},
				"south": {"uv": [6, 4, 8, 5], "rotation": 270, "texture": "#9"},
				"west": {"uv": [5, 6, 11, 7], "rotation": 180, "texture": "#9"},
				"up": {"uv": [0, 2, 6, 3], "rotation": 270, "texture": "#9"},
				"down": {"uv": [0, 2, 6, 3], "rotation": 270, "texture": "#9"}
			}
		},
		{
			"from": [4.875, 2.825, 2.025],
			"to": [5.375, 3.225, 5.025],
			"rotation": {"angle": 0, "axis": "y", "origin": [3.5, 2.875, 3.4]},
			"faces": {
				"north": {"uv": [8, 6, 10, 7], "rotation": 90, "texture": "#9"},
				"east": {"uv": [5, 6, 11, 7], "texture": "#9"},
				"south": {"uv": [6, 4, 8, 5], "rotation": 270, "texture": "#9"},
				"west": {"uv": [5, 6, 11, 7], "rotation": 180, "texture": "#9"},
				"up": {"uv": [0, 2, 6, 3], "rotation": 270, "texture": "#9"},
				"down": {"uv": [0, 2, 6, 3], "rotation": 270, "texture": "#9"}
			}
		},
		{
			"from": [2, 1.625, 1.275],
			"to": [5, 2.975, 1.9],
			"rotation": {"angle": 0, "axis": "x", "origin": [3.5, 2.875, 3.4]},
			"faces": {
				"north": {"uv": [2, 14, 11, 10], "rotation": 180, "texture": "#9"},
				"east": {"uv": [5, 4, 8.5, 6], "rotation": 90, "texture": "#9"},
				"south": {"uv": [2, 14, 11, 10], "texture": "#9"},
				"west": {"uv": [5, 4, 8.5, 6], "rotation": 270, "texture": "#9"},
				"up": {"uv": [5, 6, 14, 8], "texture": "#9"},
				"down": {"uv": [5, 6, 14, 8], "rotation": 180, "texture": "#9"}
			}
		},
		{
			"from": [2.25, 2.975, 1.375],
			"to": [4.75, 3.475, 2.025],
			"rotation": {"angle": 0, "axis": "y", "origin": [3.5, 2.875, 3.4]},
			"faces": {
				"north": {"uv": [3.1, 6, 12, 8], "rotation": 180, "texture": "#9"},
				"east": {"uv": [11, 10, 13, 12], "rotation": 90, "texture": "#9"},
				"south": {"uv": [3.1, 6, 12, 8], "texture": "#9"},
				"west": {"uv": [11, 10, 13, 12], "rotation": 270, "texture": "#9"},
				"up": {"uv": [6.1, 10, 15, 12], "rotation": 180, "texture": "#9"},
				"down": {"uv": [6.1, 10, 15, 12], "rotation": 180, "texture": "#9"}
			}
		},
		{
			"from": [2, 2.75, 1.9],
			"to": [5, 3.75, 5.4],
			"rotation": {"angle": 0, "axis": "y", "origin": [-4.5, -2, -4.6]},
			"faces": {
				"north": {"uv": [7.5, 6, 16, 9], "texture": "#9"},
				"east": {"uv": [16, 6, 7, 9], "texture": "#9"},
				"south": {"uv": [0, 13, 8.5, 16], "texture": "#9"},
				"west": {"uv": [7, 6, 16, 9], "texture": "#9"},
				"up": {"uv": [0, 1, 8, 10], "texture": "#9"},
				"down": {"uv": [0, 1, 8, 10], "texture": "#9"}
			}
		},
		{
			"from": [3, 4.975, 0.925],
			"to": [4, 5.225, 1.725],
			"rotation": {"angle": -45, "axis": "x", "origin": [3.5, 4.875, 3.4]},
			"faces": {
				"north": {"uv": [5, 4, 9, 6], "texture": "#9"},
				"east": {"uv": [9, 6, 12, 7], "texture": "#9"},
				"south": {"uv": [5, 4, 9, 6], "texture": "#9"},
				"west": {"uv": [9, 6, 12, 7], "texture": "#9"},
				"up": {"uv": [8, 7, 12, 4], "texture": "#9"},
				"down": {"uv": [8, 7, 12, 4], "texture": "#9"}
			}
		},
		{
			"from": [3.25, 5.225, 0.975],
			"to": [3.75, 5.475, 1.85],
			"rotation": {"angle": -45, "axis": "x", "origin": [3.5, 4.875, 3.4]},
			"faces": {
				"north": {"uv": [6, 4, 8, 5], "texture": "#9"},
				"east": {"uv": [13, 6, 9, 7], "texture": "#9"},
				"south": {"uv": [5, 4, 9, 6], "texture": "#9"},
				"west": {"uv": [9, 6, 13, 7], "texture": "#9"},
				"up": {"uv": [13, 12, 15, 8], "texture": "#9"},
				"down": {"uv": [13, 12, 15, 8], "texture": "#9"}
			}
		},
		{
			"from": [3, 3.7, 1.9],
			"to": [4, 3.95, 5.4],
			"rotation": {"angle": 0, "axis": "y", "origin": [-4.5, 0, -4.6]},
			"faces": {
				"north": {"uv": [8, 6, 10.5, 7], "texture": "#9"},
				"east": {"uv": [1, 4, 11, 5], "texture": "#9"},
				"south": {"uv": [3, 8, 5.5, 9], "texture": "#9"},
				"west": {"uv": [1, 4, 11, 5], "texture": "#9"},
				"up": {"uv": [8, 6, 12, 16], "texture": "#9"},
				"down": {"uv": [8, 6, 12, 16], "texture": "#9"}
			}
		},
		{
			"from": [3.25, 3.95, 1.9],
			"to": [3.75, 4.2, 4.9],
			"rotation": {"angle": 0, "axis": "y", "origin": [-4.5, 0, -4.6]},
			"faces": {
				"north": {"uv": [3, 8, 5.5, 9], "texture": "#9"},
				"east": {"uv": [1, 4, 11, 5], "texture": "#9"},
				"south": {"uv": [3, 8, 5.5, 9], "texture": "#9"},
				"west": {"uv": [1, 4, 11, 5], "texture": "#9"},
				"up": {"uv": [10, 6, 12, 16], "texture": "#9"},
				"down": {"uv": [10, 6, 12, 16], "texture": "#9"}
			}
		},
		{
			"from": [3.025, 3.4, 0],
			"to": [3.975, 3.65, 0.95],
			"rotation": {"angle": 0, "axis": "y", "origin": [3, 1.9, -0.025]},
			"faces": {
				"north": {"uv": [3, 3, 11, 10], "texture": "#8"},
				"east": {"uv": [0, 0, 6.95, 4.77632], "texture": "#8"},
				"south": {"uv": [0, 0, 6.95, 4.77632], "texture": "#8"},
				"west": {"uv": [0, 0, 6.95, 4.77632], "texture": "#8"},
				"up": {"uv": [0, 0, 6.95, 6.95], "texture": "#8"},
				"down": {"uv": [0, 0, 6.95, 6.95], "texture": "#8"}
			}
		},
		{
			"from": [3.35, 3.65, 0.625],
			"to": [3.65, 3.8, 0.925],
			"rotation": {"angle": 0, "axis": "y", "origin": [3, 1.9, -0.025]},
			"faces": {
				"north": {"uv": [6, 9, 8, 10], "texture": "#8"},
				"east": {"uv": [6, 9, 8, 10], "texture": "#8"},
				"south": {"uv": [6, 9, 8, 10], "texture": "#8"},
				"west": {"uv": [6, 9, 8, 10], "texture": "#8"},
				"up": {"uv": [5, 8, 6.93158, 9.93158], "texture": "#8"},
				"down": {"uv": [5, 8, 6.93158, 9.93158], "texture": "#8"}
			}
		},
		{
			"from": [3.6, 3.65, -0.025],
			"to": [3.7, 3.725, 0.075],
			"rotation": {"angle": 0, "axis": "y", "origin": [3, 1.9, -0.025]},
			"faces": {
				"north": {"uv": [4, 4, 9, 11], "texture": "#5"},
				"east": {"uv": [1, 1, 7.16447, 5.57719], "texture": "#5"},
				"south": {"uv": [1, 1, 5.43289, 5.57719], "texture": "#5"},
				"west": {"uv": [1, 1, 7.16447, 5.57719], "texture": "#5"},
				"up": {"uv": [1, 1, 5.43289, 7.16447], "texture": "#5"},
				"down": {"uv": [1, 1, 5.43289, 7.16447], "texture": "#5"}
			}
		},
		{
			"from": [3.35, 3.65, 0.525],
			"to": [3.45, 3.725, 0.625],
			"rotation": {"angle": 0, "axis": "y", "origin": [3, 1.9, -0.025]},
			"faces": {
				"north": {"uv": [4, 4, 9, 11], "texture": "#5"},
				"east": {"uv": [1, 1, 7.16447, 5.57719], "texture": "#5"},
				"south": {"uv": [1, 1, 5.43289, 5.57719], "texture": "#5"},
				"west": {"uv": [1, 1, 7.16447, 5.57719], "texture": "#5"},
				"up": {"uv": [1, 1, 5.43289, 7.16447], "texture": "#5"},
				"down": {"uv": [1, 1, 5.43289, 7.16447], "texture": "#5"}
			}
		},
		{
			"from": [3.6, 3.65, -0.275],
			"to": [3.65, 3.7, 0.425],
			"rotation": {"angle": -22.5, "axis": "y", "origin": [3, 1.9, -0.025]},
			"faces": {
				"north": {"uv": [4, 4, 9, 11], "texture": "#5"},
				"east": {"uv": [1, 1, 7.16447, 5.57719], "texture": "#5"},
				"south": {"uv": [1, 1, 5.43289, 5.57719], "texture": "#5"},
				"west": {"uv": [1, 1, 7.16447, 5.57719], "texture": "#5"},
				"up": {"uv": [1, 1, 5.43289, 7.16447], "texture": "#5"},
				"down": {"uv": [1, 1, 5.43289, 7.16447], "texture": "#5"}
			}
		},
		{
			"from": [3.025, 2.25, 0],
			"to": [3.975, 2.9, 0.95],
			"rotation": {"angle": 0, "axis": "y", "origin": [3, 1.9, -0.025]},
			"faces": {
				"north": {"uv": [3, 3, 11, 11], "texture": "#8"},
				"east": {"uv": [0, 0, 6.95, 6.32895], "texture": "#8"},
				"south": {"uv": [0, 0, 6.95, 6.32895], "texture": "#8"},
				"west": {"uv": [0, 0, 6.95, 6.32895], "texture": "#8"},
				"up": {"uv": [0, 0, 6.95, 6.95], "texture": "#8"},
				"down": {"uv": [0, 0, 6.95, 6.95], "texture": "#8"}
			}
		},
		{
			"from": [3.125, 2.9, 0.1],
			"to": [3.875, 3.4, 0.85],
			"rotation": {"angle": 0, "axis": "y", "origin": [3, 1.9, -0.025]},
			"faces": {
				"north": {"uv": [3, 3, 10, 11], "texture": "#8"},
				"east": {"uv": [0, 0, 6.32895, 5.55263], "texture": "#8"},
				"south": {"uv": [0, 0, 6.32895, 5.55263], "texture": "#8"},
				"west": {"uv": [0, 0, 6.32895, 5.55263], "texture": "#8"},
				"up": {"uv": [0, 0, 6.32895, 6.32895], "texture": "#8"},
				"down": {"uv": [0, 0, 6.32895, 6.32895], "texture": "#8"}
			}
		},
		{
			"from": [3.45, 3.25, -0.275],
			"to": [3.525, 3.35, 0.1],
			"rotation": {"angle": 0, "axis": "y", "origin": [3, 1.9, -0.025]},
			"faces": {
				"north": {"uv": [4, 4, 9, 11], "texture": "#5"},
				"east": {"uv": [1, 1, 7.16447, 5.57719], "texture": "#5"},
				"south": {"uv": [1, 1, 5.43289, 5.57719], "texture": "#5"},
				"west": {"uv": [1, 1, 7.16447, 5.57719], "texture": "#5"},
				"up": {"uv": [1, 1, 5.43289, 7.16447], "texture": "#5"},
				"down": {"uv": [1, 1, 5.43289, 7.16447], "texture": "#5"}
			}
		},
		{
			"from": [3.2, 3, -0.2],
			"to": [3.275, 3.1, 0],
			"rotation": {"angle": 0, "axis": "y", "origin": [3, 1.9, -0.025]},
			"faces": {
				"north": {"uv": [4, 4, 9, 11], "texture": "#5"},
				"east": {"uv": [1, 1, 7.16447, 5.57719], "texture": "#5"},
				"south": {"uv": [1, 1, 5.43289, 5.57719], "texture": "#5"},
				"west": {"uv": [1, 1, 7.16447, 5.57719], "texture": "#5"},
				"up": {"uv": [1, 1, 5.43289, 7.16447], "texture": "#5"},
				"down": {"uv": [1, 1, 5.43289, 7.16447], "texture": "#5"}
			}
		},
		{
			"from": [3.075, 2.9, -0.1],
			"to": [3.875, 3.7, -0.05],
			"rotation": {"angle": 0, "axis": "y", "origin": [3, 1.9, -0.025]},
			"faces": {
				"north": {"uv": [3, 3, 13, 13], "texture": "#10"},
				"east": {"uv": [3, 8, 4.59195, 9.48421], "texture": "#8"},
				"south": {"uv": [0, 0, 6.48421, 6.48421], "texture": "#8"},
				"west": {"uv": [3, 8, 4.59195, 9.48421], "texture": "#8"},
				"up": {"uv": [3, 8, 5.48421, 8.95112], "texture": "#8"},
				"down": {"uv": [3, 8, 5.48421, 8.95112], "texture": "#8"}
			}
		},
		{
			"from": [3.075, 3.7, -0.15],
			"to": [3.875, 3.85, -0.1],
			"rotation": {"angle": 0, "axis": "y", "origin": [3, 1.9, -0.025]},
			"faces": {
				"north": {"uv": [3, 3, 11, 5], "texture": "#8"},
				"east": {"uv": [3, 8, 4.59195, 9.0222], "texture": "#8"},
				"south": {"uv": [0, 0, 7.48421, 1], "texture": "#8"},
				"west": {"uv": [3, 8, 4.59195, 9.0222], "texture": "#8"},
				"up": {"uv": [3, 8, 5.48421, 8.95112], "texture": "#8"},
				"down": {"uv": [3, 8, 5.48421, 8.95112], "texture": "#8"}
			}
		},
		{
			"from": [3.075, 2.75, -0.15],
			"to": [3.875, 2.9, -0.1],
			"rotation": {"angle": 0, "axis": "y", "origin": [3, 1.9, -0.025]},
			"faces": {
				"north": {"uv": [3, 3, 11, 5], "texture": "#8"},
				"east": {"uv": [3, 8, 4.59195, 9.0222], "texture": "#8"},
				"south": {"uv": [0, 0, 7.48421, 1], "texture": "#8"},
				"west": {"uv": [3, 8, 4.59195, 9.0222], "texture": "#8"},
				"up": {"uv": [3, 8, 5.48421, 8.95112], "texture": "#8"},
				"down": {"uv": [3, 8, 5.48421, 8.95112], "texture": "#8"}
			}
		},
		{
			"from": [3.875, 2.9, -0.15],
			"to": [4.025, 3.7, -0.1],
			"rotation": {"angle": 0, "axis": "y", "origin": [3, 1.9, -0.025]},
			"faces": {
				"north": {"uv": [3, 3, 8, 11], "texture": "#8"},
				"east": {"uv": [3, 8, 4.59195, 9.48421], "texture": "#8"},
				"south": {"uv": [0, 0, 4.46579, 6.48421], "texture": "#8"},
				"west": {"uv": [3, 8, 4.59195, 9.48421], "texture": "#8"},
				"up": {"uv": [3, 8, 4.71092, 8.95112], "texture": "#8"},
				"down": {"uv": [3, 8, 4.71092, 8.95112], "texture": "#8"}
			}
		},
		{
			"from": [2.925, 2.9, -0.15],
			"to": [3.075, 3.7, -0.1],
			"rotation": {"angle": 0, "axis": "y", "origin": [3, 1.9, -0.025]},
			"faces": {
				"north": {"uv": [3, 3, 8, 11], "texture": "#8"},
				"east": {"uv": [3, 8, 4.59195, 9.48421], "texture": "#8"},
				"south": {"uv": [0, 0, 4.46579, 6.48421], "texture": "#8"},
				"west": {"uv": [3, 8, 4.59195, 9.48421], "texture": "#8"},
				"up": {"uv": [3, 8, 4.71092, 8.95112], "texture": "#8"},
				"down": {"uv": [3, 8, 4.71092, 8.95112], "texture": "#8"}
			}
		},
		{
			"from": [3.075, 2.125, 1.025],
			"to": [3.925, 3.05, 1.175],
			"rotation": {"angle": 0, "axis": "x", "origin": [3.5, 2.875, 3.4]},
			"faces": {
				"north": {"uv": [5, 4, 9, 7.25], "rotation": 180, "texture": "#3"},
				"east": {"uv": [5, 4, 8.5, 6], "rotation": 90, "texture": "#3"},
				"south": {"uv": [5, 4, 9, 7.25], "texture": "#3"},
				"west": {"uv": [5, 4, 8.5, 6], "rotation": 270, "texture": "#3"},
				"up": {"uv": [5, 4, 9, 6], "texture": "#3"},
				"down": {"uv": [5, 4, 9, 6], "rotation": 180, "texture": "#3"}
			}
		},
		{
			"from": [3.075, 3.05, 1.275],
			"to": [3.925, 3.425, 1.425],
			"rotation": {"angle": 0, "axis": "y", "origin": [3.5, 2.875, 3.4]},
			"faces": {
				"north": {"uv": [5, 4, 9, 7.25], "rotation": 180, "texture": "#3"},
				"east": {"uv": [5, 4, 8.5, 6], "rotation": 90, "texture": "#3"},
				"south": {"uv": [5, 4, 9, 7.25], "texture": "#3"},
				"west": {"uv": [5, 4, 8.5, 6], "rotation": 270, "texture": "#3"},
				"up": {"uv": [5, 4, 9, 6], "texture": "#3"},
				"down": {"uv": [5, 4, 9, 6], "rotation": 180, "texture": "#3"}
			}
		},
		{
			"from": [3.075, 2.525, 0.975],
			"to": [3.925, 2.75, 1.025],
			"rotation": {"angle": 0, "axis": "y", "origin": [3.5, 2.875, 3.4]},
			"faces": {
				"north": {"uv": [5, 4, 9, 7.25], "rotation": 180, "texture": "#6"},
				"east": {"uv": [5, 4, 8.5, 6], "rotation": 90, "texture": "#6"},
				"south": {"uv": [5, 4, 9, 7.25], "texture": "#6"},
				"west": {"uv": [5, 4, 8.5, 6], "rotation": 270, "texture": "#6"},
				"up": {"uv": [5, 4, 9, 6], "texture": "#6"},
				"down": {"uv": [5, 4, 9, 6], "rotation": 180, "texture": "#6"}
			}
		},
		{
			"from": [3.075, 2.325, 1.075],
			"to": [3.925, 2.55, 1.125],
			"rotation": {"angle": 22.5, "axis": "x", "origin": [3.5, 2.875, 3.4]},
			"faces": {
				"north": {"uv": [5, 4, 9, 7.25], "rotation": 180, "texture": "#6"},
				"east": {"uv": [5, 4, 8.5, 6], "rotation": 90, "texture": "#6"},
				"south": {"uv": [5, 4, 9, 7.25], "texture": "#6"},
				"west": {"uv": [5, 4, 8.5, 6], "rotation": 270, "texture": "#6"},
				"up": {"uv": [5, 4, 9, 6], "texture": "#6"},
				"down": {"uv": [5, 4, 9, 6], "rotation": 180, "texture": "#6"}
			}
		},
		{
			"from": [3.075, 2.125, 1.125],
			"to": [3.925, 2.575, 1.275],
			"rotation": {"angle": 22.5, "axis": "x", "origin": [3.5, 2.875, 3.4]},
			"faces": {
				"north": {"uv": [5, 4, 9, 7.25], "rotation": 180, "texture": "#3"},
				"east": {"uv": [5, 4, 8.5, 6], "rotation": 90, "texture": "#3"},
				"south": {"uv": [5, 4, 9, 7.25], "texture": "#3"},
				"west": {"uv": [5, 4, 8.5, 6], "rotation": 270, "texture": "#3"},
				"up": {"uv": [5, 4, 9, 6], "texture": "#3"},
				"down": {"uv": [5, 4, 9, 6], "rotation": 180, "texture": "#3"}
			}
		},
		{
			"from": [3.075, 0.275, 2.2],
			"to": [3.925, 0.75, 2.35],
			"rotation": {"angle": 45, "axis": "x", "origin": [3.5, 2.875, 3.4]},
			"faces": {
				"north": {"uv": [5, 4, 9, 7.25], "rotation": 180, "texture": "#3"},
				"east": {"uv": [5, 4, 8.5, 6], "rotation": 90, "texture": "#3"},
				"south": {"uv": [5, 4, 9, 7.25], "texture": "#3"},
				"west": {"uv": [5, 4, 8.5, 6], "rotation": 270, "texture": "#3"},
				"up": {"uv": [5, 4, 9, 6], "texture": "#3"},
				"down": {"uv": [5, 4, 9, 6], "rotation": 180, "texture": "#3"}
			}
		},
		{
			"from": [3.475, 1.85, 1.7],
			"to": [3.525, 2.3, 1.75],
			"rotation": {"angle": -45, "axis": "x", "origin": [3, 1.9, -0.075]},
			"faces": {
				"north": {"uv": [0, 0, 0.10263, 1.43684], "rotation": 180, "texture": "#4"},
				"east": {"uv": [0, 0, 1.43684, 0.10263], "rotation": 270, "texture": "#4"},
				"south": {"uv": [0, 0, 0.10263, 1.43684], "texture": "#4"},
				"west": {"uv": [0, 0, 1.43684, 0.10263], "rotation": 90, "texture": "#4"},
				"up": {"uv": [0, 0, 0.10263, 0.10263], "rotation": 180, "texture": "#4"},
				"down": {"uv": [0, 0, 0.10263, 0.10263], "texture": "#4"}
			}
		},
		{
			"from": [3.475, 1.85, 1.45],
			"to": [3.525, 2.3, 1.5],
			"rotation": {"angle": -45, "axis": "x", "origin": [3, 1.9, -0.075]},
			"faces": {
				"north": {"uv": [0, 0, 0.10263, 1.43684], "rotation": 180, "texture": "#4"},
				"east": {"uv": [0, 0, 1.43684, 0.10263], "rotation": 270, "texture": "#4"},
				"south": {"uv": [0, 0, 0.10263, 1.43684], "texture": "#4"},
				"west": {"uv": [0, 0, 1.43684, 0.10263], "rotation": 90, "texture": "#4"},
				"up": {"uv": [0, 0, 0.10263, 0.10263], "rotation": 180, "texture": "#4"},
				"down": {"uv": [0, 0, 0.10263, 0.10263], "texture": "#4"}
			}
		}
	],
	"display": {
		"thirdperson_righthand": {
			"translation": [9, 10, 4.5],
			"scale": [2, 2, 2]
		},
		"thirdperson_lefthand": {
			"translation": [-9, 10, 4.5],
			"scale": [2, 2, 2]
		},
		"firstperson_righthand": {
			"rotation": [28, 0, 0],
			"translation": [11, 7.25, 10],
			"scale": [2, 2, 2]
		},
		"firstperson_lefthand": {
			"rotation": [27, -2, 13],
			"translation": [-9.25, 4.75, 8],
			"scale": [2, 2, 2]
		},
		"ground": {
			"translation": [9.25, 9.75, 10],
			"scale": [2, 2, 2]
		},
		"gui": {
			"rotation": [14, 137, 3.82],
			"translation": [0, 18, 0],
			"scale": [2.5, 2.5, 2.5]
		},
		"head": {
			"translation": [17.5, 27.15, 17.5],
			"scale": [3.9, 3.9, 3.9]
		},
		"fixed": {
			"translation": [13, 16, 11],
			"scale": [3, 3, 3]
		}
	},
	"groups": [
		{
			"name": "rim",
			"origin": [8, 8, 8],
			"color": 7,
			"children": [0, 1, 2, 3, 4, 5]
		},
		{
			"name": "top",
			"origin": [-4.5, -2, -4.6],
			"color": 0,
			"children": [6, 7, 8, 9, 10, 11, 12, 13, 14, 15]
		},
		{
			"name": "edge",
			"origin": [8, 8, 8],
			"color": 0,
			"children": [16, 17, 18, 19]
		},
		{
			"name": "lamp",
			"origin": [8, 8, 8],
			"color": 0,
			"children": [20, 21, 22, 23, 24, 25, 26, 27, 28, 29, 30, 31, 32, 33]
		},
		{
			"name": "strap",
			"origin": [3.5, 2.875, 3.4],
			"color": 0,
			"children": [34, 35, 36, 37, 38, 39, 40, 41]
		}
	]
}