{
	"credit": "Made with Blockbench",
	"textures": {
		"0": "block/white_concrete",
		"3": "block/gold_block",
		"4": "block/blackstone",
		"particle": "block/white_concrete"
	},
	"elements": [
		{
			"from": [2.75, 3.5, -1.25],
			"to": [5.75, 3.75, 1.75],
			"rotation": {"angle": -45, "axis": "y", "origin": [0, 1.75, 0]},
			"faces": {
				"north": {"uv": [0, 0, 2.9, 1.75], "texture": "#0"},
				"east": {"uv": [0, 0, 2.9, 1.75], "texture": "#0"},
				"south": {"uv": [0, 0, 2.9, 1.75], "texture": "#0"},
				"west": {"uv": [0, 0, 2.9, 1.75], "texture": "#0"},
				"up": {"uv": [0, 0, 2.9, 3], "texture": "#0"},
				"down": {"uv": [0, 0, 2.9, 3], "texture": "#0"}
			}
		},
		{
			"from": [3, 3.25, 0],
			"to": [5.5, 3.5, 2],
			"rotation": {"angle": -22.5, "axis": "y", "origin": [0.25, 1.75, 0]},
			"faces": {
				"north": {"uv": [0, 0, 2.4, 1.75], "texture": "#0"},
				"east": {"uv": [0, 0, 1.9, 1.75], "texture": "#0"},
				"south": {"uv": [0, 0, 2.4, 1.75], "texture": "#0"},
				"west": {"uv": [0, 0, 1.9, 1.75], "texture": "#0"},
				"up": {"uv": [0, 0, 2.4, 2], "texture": "#0"},
				"down": {"uv": [0, 0, 2.4, 2], "texture": "#0"}
			}
		},
		{
			"from": [0.75, 3.25, 1.35],
			"to": [3.25, 3.5, 3.35],
			"rotation": {"angle": 22.5, "axis": "y", "origin": [2.25, 1.875, 2.25]},
			"faces": {
				"north": {"uv": [0, 0, 2.4, 1.75], "texture": "#0"},
				"east": {"uv": [0, 0, 1.9, 1.75], "texture": "#0"},
				"south": {"uv": [0, 0, 2.4, 1.75], "texture": "#0"},
				"west": {"uv": [0, 0, 1.9, 1.75], "texture": "#0"},
				"up": {"uv": [0, 0, 2.4, 2], "texture": "#0"},
				"down": {"uv": [0, 0, 2.4, 2], "texture": "#0"}
			}
		},
		{
			"from": [0.5, 3.25, 1.7],
			"to": [2.25, 3.5, 4.45],
			"rotation": {"angle": 22.5, "axis": "y", "origin": [2.05133, 1.875, 3.04224]},
			"faces": {
				"north": {"uv": [0, 0, 1.9, 1.75], "texture": "#0"},
				"east": {"uv": [0, 0, 2.4, 1.75], "texture": "#0"},
				"south": {"uv": [0, 0, 1.9, 1.75], "texture": "#0"},
				"west": {"uv": [0, 0, 2.4, 1.75], "texture": "#0"},
				"up": {"uv": [0, 0, 2.4, 2], "rotation": 90, "texture": "#0"},
				"down": {"uv": [0, 0, 2.4, 2], "rotation": 270, "texture": "#0"}
			}
		},
		{
			"from": [3, 3.25, 1.35],
			"to": [4.75, 3.5, 4.1],
			"rotation": {"angle": -22.5, "axis": "y", "origin": [2.43402, 1.875, 3.96612]},
			"faces": {
				"north": {"uv": [0, 0, 1.9, 1.75], "texture": "#0"},
				"east": {"uv": [0, 0, 2.4, 1.75], "texture": "#0"},
				"south": {"uv": [0, 0, 1.9, 1.75], "texture": "#0"},
				"west": {"uv": [0, 0, 2.4, 1.75], "texture": "#0"},
				"up": {"uv": [0, 0, 2.4, 2], "rotation": 90, "texture": "#0"},
				"down": {"uv": [0, 0, 2.4, 2], "rotation": 270, "texture": "#0"}
			}
		},
		{
			"from": [2.25, 3.25, 4],
			"to": [4.25, 3.5, 5.5],
			"rotation": {"angle": 22.5, "axis": "y", "origin": [3.12692, 1.875, 4.25313]},
			"faces": {
				"north": {"uv": [0, 0, 2.4, 1.75], "texture": "#0"},
				"east": {"uv": [0, 0, 1.9, 1.75], "texture": "#0"},
				"south": {"uv": [0, 0, 2.4, 1.75], "texture": "#0"},
				"west": {"uv": [0, 0, 1.9, 1.75], "texture": "#0"},
				"up": {"uv": [0, 0, 2.4, 2], "rotation": 180, "texture": "#0"},
				"down": {"uv": [0, 0, 2.4, 2], "rotation": 180, "texture": "#0"}
			}
		},
		{
			"from": [1.5, 3.25, 4.25],
			"to": [3.5, 3.5, 5.75],
			"rotation": {"angle": -22.5, "axis": "y", "origin": [3.12692, 1.875, 4.25313]},
			"faces": {
				"north": {"uv": [0, 0, 2.4, 1.75], "texture": "#0"},
				"east": {"uv": [0, 0, 1.9, 1.75], "texture": "#0"},
				"south": {"uv": [0, 0, 2.4, 1.75], "texture": "#0"},
				"west": {"uv": [0, 0, 1.9, 1.75], "texture": "#0"},
				"up": {"uv": [0, 0, 2.4, 2], "rotation": 180, "texture": "#0"},
				"down": {"uv": [0, 0, 2.4, 2], "rotation": 180, "texture": "#0"}
			}
		},
		{
			"from": [0.5, 2, 1.85],
			"to": [3, 3.25, 2.35],
			"rotation": {"angle": 22.5, "axis": "y", "origin": [2.25, 1.875, 2.25]},
			"faces": {
				"north": {"uv": [0, 0, 2.9, 1.75], "texture": "#0"},
				"east": {"uv": [0, 0, 1.65, 1.75], "texture": "#0"},
				"south": {"uv": [0, 0, 2.9, 1.75], "texture": "#0"},
				"west": {"uv": [0, 0, 1.65, 1.75], "texture": "#0"},
				"up": {"uv": [0, 0, 2.9, 1.75], "texture": "#0"},
				"down": {"uv": [0, 0, 2.9, 1.75], "texture": "#0"}
			}
		},
		{
			"from": [3.25, 2, 0.5],
			"to": [5.75, 3.25, 1],
			"rotation": {"angle": -22.5, "axis": "y", "origin": [0.25, 1.75, 0]},
			"faces": {
				"north": {"uv": [0, 0, 2.9, 1.75], "texture": "#0"},
				"east": {"uv": [0, 0, 1.65, 1.75], "texture": "#0"},
				"south": {"uv": [0, 0, 2.9, 1.75], "texture": "#0"},
				"west": {"uv": [0, 0, 1.65, 1.75], "texture": "#0"},
				"up": {"uv": [0, 0, 2.9, 1.75], "texture": "#0"},
				"down": {"uv": [0, 0, 2.9, 1.75], "texture": "#0"}
			}
		},
		{
			"from": [0.75, 2, 2.45],
			"to": [1, 3.25, 4.45],
			"rotation": {"angle": 22.5, "axis": "y", "origin": [2.05133, 1.875, 3.04224]},
			"faces": {
				"north": {"uv": [0, 0, 1.65, 1.75], "texture": "#0"},
				"east": {"uv": [0, 0, 2.4, 1.75], "texture": "#0"},
				"south": {"uv": [0, 0, 1.65, 1.75], "texture": "#0"},
				"west": {"uv": [0, 0, 2.4, 1.75], "texture": "#0"},
				"up": {"uv": [0, 0, 2.4, 1.75], "rotation": 90, "texture": "#0"},
				"down": {"uv": [0, 0, 2.4, 1.75], "rotation": 270, "texture": "#0"}
			}
		},
		{
			"from": [2.5, 2, 5],
			"to": [4, 3.25, 5.25],
			"rotation": {"angle": 22.5, "axis": "y", "origin": [3.12692, 1.875, 4.25313]},
			"faces": {
				"north": {"uv": [0, 0, 2.4, 1.75], "texture": "#0"},
				"east": {"uv": [0, 0, 1.65, 1.75], "texture": "#0"},
				"south": {"uv": [0, 0, 2.4, 1.75], "texture": "#0"},
				"west": {"uv": [0, 0, 1.65, 1.75], "texture": "#0"},
				"up": {"uv": [0, 0, 2.4, 1.75], "rotation": 180, "texture": "#0"},
				"down": {"uv": [0, 0, 2.4, 1.75], "rotation": 180, "texture": "#0"}
			}
		},
		{
			"from": [4.25, 2, 2.1],
			"to": [4.5, 3.25, 4.1],
			"rotation": {"angle": -22.5, "axis": "y", "origin": [2.43402, 1.875, 3.96612]},
			"faces": {
				"north": {"uv": [0, 0, 1.65, 1.75], "texture": "#0"},
				"east": {"uv": [0, 0, 2.4, 1.75], "texture": "#0"},
				"south": {"uv": [0, 0, 1.65, 1.75], "texture": "#0"},
				"west": {"uv": [0, 0, 2.4, 1.75], "texture": "#0"},
				"up": {"uv": [0, 0, 2.4, 1.75], "rotation": 90, "texture": "#0"},
				"down": {"uv": [0, 0, 2.4, 1.75], "rotation": 270, "texture": "#0"}
			}
		},
		{
			"from": [1.75, 2, 5.25],
			"to": [3.25, 3.25, 5.5],
			"rotation": {"angle": -22.5, "axis": "y", "origin": [3.12692, 1.875, 4.25313]},
			"faces": {
				"north": {"uv": [0, 0, 2.4, 1.75], "texture": "#0"},
				"east": {"uv": [0, 0, 1.65, 1.75], "texture": "#0"},
				"south": {"uv": [0, 0, 2.4, 1.75], "texture": "#0"},
				"west": {"uv": [0, 0, 1.65, 1.75], "texture": "#0"},
				"up": {"uv": [0, 0, 2.4, 1.75], "rotation": 180, "texture": "#0"},
				"down": {"uv": [0, 0, 2.4, 1.75], "rotation": 180, "texture": "#0"}
			}
		},
		{
			"from": [2.25, 1.25, 5.25],
			"to": [4, 2, 5.5],
			"rotation": {"angle": 22.5, "axis": "y", "origin": [3.12692, 0.875, 4.25313]},
			"faces": {
				"north": {"uv": [8, 1, 9.4, 2.75], "texture": "#4"},
				"east": {"uv": [8, 1, 8.65, 2.75], "texture": "#4"},
				"south": {"uv": [8, 1, 9.4, 2.75], "texture": "#4"},
				"west": {"uv": [8, 1, 8.65, 2.75], "texture": "#4"},
				"up": {"uv": [8, 1, 9.4, 2.75], "rotation": 180, "texture": "#4"},
				"down": {"uv": [8, 1, 9.4, 2.75], "rotation": 180, "texture": "#4"}
			}
		},
		{
			"from": [1.75, 1.25, 5.5],
			"to": [3.5, 2, 5.75],
			"rotation": {"angle": -22.5, "axis": "y", "origin": [3.12692, 0.875, 4.25313]},
			"faces": {
				"north": {"uv": [8, 1, 9.4, 2.75], "texture": "#4"},
				"east": {"uv": [8, 1, 8.65, 2.75], "texture": "#4"},
				"south": {"uv": [8, 1, 9.4, 2.75], "texture": "#4"},
				"west": {"uv": [8, 1, 8.65, 2.75], "texture": "#4"},
				"up": {"uv": [8, 1, 9.4, 2.75], "rotation": 180, "texture": "#4"},
				"down": {"uv": [8, 1, 9.4, 2.75], "rotation": 180, "texture": "#4"}
			}
		},
		{
			"from": [4.5, 1.25, 1.6],
			"to": [4.75, 2, 4.1],
			"rotation": {"angle": -22.5, "axis": "y", "origin": [2.43402, 0.875, 3.96612]},
			"faces": {
				"north": {"uv": [8, 1, 8.65, 2.75], "texture": "#4"},
				"east": {"uv": [8, 1, 9.4, 2.75], "texture": "#4"},
				"south": {"uv": [8, 1, 8.65, 2.75], "texture": "#4"},
				"west": {"uv": [8, 1, 9.4, 2.75], "texture": "#4"},
				"up": {"uv": [8, 1, 9.4, 2.75], "rotation": 90, "texture": "#4"},
				"down": {"uv": [8, 1, 9.4, 2.75], "rotation": 270, "texture": "#4"}
			}
		},
		{
			"from": [0.5, 1.25, 1.95],
			"to": [0.75, 2, 4.45],
			"rotation": {"angle": 22.5, "axis": "y", "origin": [2.05133, 0.875, 3.04224]},
			"faces": {
				"north": {"uv": [8, 1, 8.65, 2.75], "texture": "#4"},
				"east": {"uv": [8, 1, 9.4, 2.75], "texture": "#4"},
				"south": {"uv": [8, 1, 8.65, 2.75], "texture": "#4"},
				"west": {"uv": [8, 1, 9.4, 2.75], "texture": "#4"},
				"up": {"uv": [8, 1, 9.4, 2.75], "rotation": 90, "texture": "#4"},
				"down": {"uv": [8, 1, 9.4, 2.75], "rotation": 270, "texture": "#4"}
			}
		},
		{
			"from": [0.5, 1.25, 1.6],
			"to": [3, 2, 1.85],
			"rotation": {"angle": 22.5, "axis": "y", "origin": [2.25, 0.875, 2.25]},
			"faces": {
				"north": {"uv": [8, 1, 9.9, 2.75], "texture": "#4"},
				"east": {"uv": [8, 1, 8.65, 2.75], "texture": "#4"},
				"south": {"uv": [8, 1, 9.9, 2.75], "texture": "#4"},
				"west": {"uv": [8, 1, 8.65, 2.75], "texture": "#4"},
				"up": {"uv": [8, 1, 9.9, 2.75], "texture": "#4"},
				"down": {"uv": [8, 1, 9.9, 2.75], "texture": "#4"}
			}
		},
		{
			"from": [0.75, 1.25, 0.1],
			"to": [2.75, 1.5, 1.6],
			"rotation": {"angle": 22.5, "axis": "y", "origin": [2.25, 0.875, 2]},
			"faces": {
				"north": {"uv": [8, 1, 9.9, 2.75], "texture": "#4"},
				"east": {"uv": [8, 1, 8.65, 2.75], "texture": "#4"},
				"south": {"uv": [8, 1, 9.9, 2.75], "texture": "#4"},
				"west": {"uv": [8, 1, 8.65, 2.75], "texture": "#4"},
				"up": {"uv": [12, 1, 9, 3], "texture": "#4"},
				"down": {"uv": [12, 1, 9, 3], "texture": "#4"}
			}
		},
		{
			"from": [1.6, 1.5, -0.15],
			"to": [4.05, 1.75, 1.85],
			"rotation": {"angle": 0, "axis": "y", "origin": [2.25, 0.875, 2]},
			"faces": {
				"north": {"uv": [8, 1, 9.9, 2.75], "texture": "#4"},
				"east": {"uv": [8, 1, 8.65, 2.75], "texture": "#4"},
				"south": {"uv": [8, 1, 9.9, 2.75], "texture": "#4"},
				"west": {"uv": [8, 1, 8.65, 2.75], "texture": "#4"},
				"up": {"uv": [8, 1, 12, 4], "texture": "#4"},
				"down": {"uv": [8, 1, 12, 4], "texture": "#4"}
			}
		},
		{
			"from": [3.25, 1.25, 0.25],
			"to": [5.75, 2, 0.5],
			"rotation": {"angle": -22.5, "axis": "y", "origin": [0.25, 0.75, 0]},
			"faces": {
				"north": {"uv": [8, 1, 9.9, 2.75], "texture": "#4"},
				"east": {"uv": [8, 1, 8.65, 2.75], "texture": "#4"},
				"south": {"uv": [8, 1, 9.9, 2.75], "texture": "#4"},
				"west": {"uv": [8, 1, 8.65, 2.75], "texture": "#4"},
				"up": {"uv": [8, 1, 9.9, 2.75], "texture": "#4"},
				"down": {"uv": [8, 1, 9.9, 2.75], "texture": "#4"}
			}
		},
		{
			"from": [3.5, 1.25, -1.25],
			"to": [5.5, 1.5, 0.25],
			"rotation": {"angle": -22.5, "axis": "y", "origin": [0.25, 0.75, -0.25]},
			"faces": {
				"north": {"uv": [8, 1, 9.9, 2.75], "texture": "#4"},
				"east": {"uv": [8, 1, 8.65, 2.75], "texture": "#4"},
				"south": {"uv": [8, 1, 9.9, 2.75], "texture": "#4"},
				"west": {"uv": [8, 1, 8.65, 2.75], "texture": "#4"},
				"up": {"uv": [9, 1, 12, 3], "texture": "#4"},
				"down": {"uv": [9, 1, 12, 3], "texture": "#4"}
			}
		},
		{
			"from": [3, 1.75, 0],
			"to": [5.5, 2, 0.25],
			"rotation": {"angle": -22.5, "axis": "y", "origin": [0.25, 0.75, 0]},
			"faces": {
				"north": {"uv": [3, 4, 12, 5], "texture": "#3"},
				"east": {"uv": [3, 4, 4, 5], "texture": "#3"},
				"south": {"uv": [3, 4, 10, 5], "texture": "#3"},
				"west": {"uv": [3, 4, 4, 5], "texture": "#3"},
				"up": {"uv": [3, 4, 12, 5], "texture": "#3"},
				"down": {"uv": [3, 4, 12, 5], "texture": "#3"}
			}
		},
		{
			"from": [0.6, 1.5, 3.35],
			"to": [0.85, 1.75, 4.6],
			"rotation": {"angle": -22.5, "axis": "y", "origin": [4.39198, 0.125, 2.35136]},
			"faces": {
				"north": {"uv": [4, 3, 5, 4], "texture": "#3"},
				"east": {"uv": [4, 3, 11, 4], "texture": "#3"},
				"south": {"uv": [3, 2, 4, 3], "texture": "#3"},
				"west": {"uv": [4, 3, 11, 4], "texture": "#3"},
				"up": {"uv": [4, 3, 11, 4], "rotation": 90, "texture": "#3"},
				"down": {"uv": [4, 3, 11, 4], "rotation": 270, "texture": "#3"}
			}
		},
		{
			"from": [4.75, 1.5, 2.1],
			"to": [5, 1.75, 4.35],
			"rotation": {"angle": -22.5, "axis": "y", "origin": [2.43402, 0.875, 3.96612]},
			"faces": {
				"north": {"uv": [5, 4, 6, 5], "texture": "#3"},
				"east": {"uv": [3, 4, 13, 5], "texture": "#3"},
				"south": {"uv": [5, 4, 6, 5], "texture": "#3"},
				"west": {"uv": [3, 4, 13, 5], "texture": "#3"},
				"up": {"uv": [3, 2, 4, 13], "texture": "#3"},
				"down": {"uv": [3, 2, 4, 13], "texture": "#3"}
			}
		},
		{
			"from": [2.25, 1.5, 5.5],
			"to": [4, 1.75, 5.75],
			"rotation": {"angle": 22.5, "axis": "y", "origin": [3.12692, 0.875, 4.25313]},
			"faces": {
				"north": {"uv": [4, 3, 11, 4], "texture": "#3"},
				"east": {"uv": [8, 3, 9, 4], "texture": "#3"},
				"south": {"uv": [4, 3, 11, 4], "texture": "#3"},
				"west": {"uv": [8, 3, 9, 4], "texture": "#3"},
				"up": {"uv": [4, 3, 11, 4], "rotation": 180, "texture": "#3"},
				"down": {"uv": [4, 3, 11, 4], "rotation": 180, "texture": "#3"}
			}
		},
		{
			"from": [5.01698, 1.5, 2.22636],
			"to": [5.26698, 1.75, 3.47636],
			"rotation": {"angle": 22.5, "axis": "y", "origin": [4.39198, 0.125, 2.35136]},
			"faces": {
				"north": {"uv": [4, 3, 5, 4], "texture": "#3"},
				"east": {"uv": [4, 3, 11, 4], "texture": "#3"},
				"south": {"uv": [3, 2, 4, 3], "texture": "#3"},
				"west": {"uv": [4, 3, 11, 4], "texture": "#3"},
				"up": {"uv": [4, 3, 11, 4], "rotation": 90, "texture": "#3"},
				"down": {"uv": [4, 3, 11, 4], "rotation": 270, "texture": "#3"}
			}
		},
		{
			"from": [1.75, 1.5, 5.75],
			"to": [3.5, 1.75, 6],
			"rotation": {"angle": -22.5, "axis": "y", "origin": [3.12692, 0.875, 4.25313]},
			"faces": {
				"north": {"uv": [4, 3, 11, 4], "texture": "#3"},
				"east": {"uv": [8, 3, 9, 4], "texture": "#3"},
				"south": {"uv": [4, 3, 11, 4], "texture": "#3"},
				"west": {"uv": [8, 3, 9, 4], "texture": "#3"},
				"up": {"uv": [4, 3, 11, 4], "rotation": 180, "texture": "#3"},
				"down": {"uv": [4, 3, 11, 4], "rotation": 180, "texture": "#3"}
			}
		},
		{
			"from": [0.25, 1.5, 2.45],
			"to": [0.5, 1.75, 4.7],
			"rotation": {"angle": 22.5, "axis": "y", "origin": [2.05133, 0.875, 3.04224]},
			"faces": {
				"north": {"uv": [5, 4, 6, 5], "texture": "#3"},
				"east": {"uv": [3, 4, 13, 5], "texture": "#3"},
				"south": {"uv": [5, 4, 6, 5], "texture": "#3"},
				"west": {"uv": [3, 4, 13, 5], "texture": "#3"},
				"up": {"uv": [3, 2, 4, 13], "texture": "#3"},
				"down": {"uv": [3, 2, 4, 13], "texture": "#3"}
			}
		},
		{
			"from": [0.75, 1.75, 1.35],
			"to": [3.25, 2, 1.6],
			"rotation": {"angle": 22.5, "axis": "y", "origin": [2.25, 0.875, 2.25]},
			"faces": {
				"north": {"uv": [3, 4, 12, 5], "texture": "#3"},
				"east": {"uv": [3, 4, 4, 5], "texture": "#3"},
				"south": {"uv": [3, 4, 10, 5], "texture": "#3"},
				"west": {"uv": [3, 4, 4, 5], "texture": "#3"},
				"up": {"uv": [3, 4, 12, 5], "texture": "#3"},
				"down": {"uv": [3, 4, 12, 5], "texture": "#3"}
			}
		},
		{
			"from": [2.1, 2, 1.1],
			"to": [3.55, 3, 1.35],
			"rotation": {"angle": 0, "axis": "y", "origin": [2.25, 0.875, 2]},
			"faces": {
				"north": {"uv": [10, 1, 13, 3], "texture": "#4"},
				"east": {"uv": [11, 1, 12, 3], "texture": "#4"},
				"south": {"uv": [10, 1, 13, 3], "texture": "#4"},
				"west": {"uv": [10, 1, 11, 3], "texture": "#4"},
				"up": {"uv": [10, 1, 13, 2], "texture": "#4"},
				"down": {"uv": [10, 1, 13, 2], "texture": "#4"}
			}
		},
		{
			"from": [2.35, 2.25, 0.85],
			"to": [3.3, 2.75, 1.1],
			"rotation": {"angle": 0, "axis": "y", "origin": [2.25, 0.875, 2]},
			"faces": {
				"north": {"uv": [4, 4, 8, 6], "texture": "#3"},
				"east": {"uv": [4, 3, 5, 5], "texture": "#3"},
				"south": {"uv": [4, 4, 8, 6], "texture": "#3"},
				"west": {"uv": [4, 3, 5, 5], "texture": "#3"},
				"up": {"uv": [4, 4, 9, 5], "texture": "#3"},
				"down": {"uv": [4, 4, 9, 5], "texture": "#3"}
			}
		}
	],
	"gui_light": "front",
	"display": {
		"thirdperson_righthand": {
			"translation": [10.25, 11.75, 5],
			"scale": [2, 2, 2]
		},
		"thirdperson_lefthand": {
			"translation": [-10.25, 11.5, 4.75],
			"scale": [2, 2, 2]
		},
		"firstperson_righthand": {
			"rotation": [35, 18, 13],
			"translation": [14, 8, 6],
			"scale": [2, 2, 2]
		},
		"firstperson_lefthand": {
			"rotation": [42, 20, 11],
			"translation": [-1.75, -2.25, 7],
			"scale": [2, 2, 2]
		},
		"ground": {
			"translation": [10.25, 10.25, 11],
			"scale": [2, 2, 2]
		},
		"gui": {
			"rotation": [-154.68, 32.58, -176.81],
			"translation": [-2.5, 21, 0],
			"scale": [2.5, 2.5, 2.5]
		},
		"head": {
			"translation": [15.5, 26.5, 14],
			"scale": [3, 3, 3]
		},
		"fixed": {
			"translation": [15.25, 16.25, 11],
			"scale": [3, 3, 3]
		}
	},
	"groups": [
		{
			"name": "top",
			"origin": [3.12692, 0.875, 4.25313],
			"color": 0,
			"children": [0, 1, 2, 3, 4, 5, 6, 7, 8, 9, 10, 11, 12]
		},
		{
			"name": "rim",
			"origin": [0.25, 0.75, 0],
			"color": 0,
			"children": [13, 14, 15, 16, 17, 18, 19, 20, 21]
		},
		{
			"name": "gold",
			"origin": [2.05133, 0.875, 3.04224],
			"color": 0,
			"children": [22, 23, 24, 25, 26, 27, 28, 29, 30, 31]
		}
	]
}