{
	"credit": "Made with Blockbench",
	"textures": {
		"1": "block/white_concrete",
		"2": "block/light_gray_concrete",
		"3": "block/black_stained_glass",
		"4": "block/light_blue_terracotta",
		"particle": "block/white_stained_glass"
	},
	"elements": [
		{
			"from": [3, 1, 5.75],
			"to": [4, 6, 9.75],
			"faces": {
				"north": {"uv": [4, 4, 6, 10], "texture": "#1"},
				"east": {"uv": [4, 4, 9.75, 10], "texture": "#1"},
				"south": {"uv": [4, 4, 6, 10], "texture": "#1"},
				"west": {"uv": [4, 4, 9.75, 10], "texture": "#1"},
				"up": {"uv": [4, 4, 6, 9.75], "texture": "#1"},
				"down": {"uv": [4, 4, 6, 9.75], "texture": "#1"}
			}
		},
		{
			"from": [5, 7, 5.25],
			"to": [10, 8, 9.75],
			"faces": {
				"north": {"uv": [4, 4, 6, 10], "rotation": 270, "texture": "#1"},
				"east": {"uv": [4, 4, 6, 10.75], "rotation": 90, "texture": "#1"},
				"south": {"uv": [4, 4, 6, 10], "rotation": 90, "texture": "#1"},
				"west": {"uv": [4, 4, 6, 10.75], "rotation": 90, "texture": "#1"},
				"up": {"uv": [4, 4, 10.75, 10], "rotation": 90, "texture": "#1"},
				"down": {"uv": [4, 4, 10.75, 10], "rotation": 90, "texture": "#1"}
			}
		},
		{
			"from": [5, -1, 5.25],
			"to": [10, 0, 9.75],
			"faces": {
				"north": {"uv": [4, 4, 6, 10], "rotation": 270, "texture": "#1"},
				"east": {"uv": [4, 4, 6, 10.75], "rotation": 90, "texture": "#1"},
				"south": {"uv": [4, 4, 6, 10], "rotation": 90, "texture": "#1"},
				"west": {"uv": [4, 4, 6, 10.75], "rotation": 90, "texture": "#1"},
				"up": {"uv": [4, 4, 10.75, 10], "rotation": 90, "texture": "#1"},
				"down": {"uv": [4, 4, 10.75, 10], "rotation": 90, "texture": "#1"}
			}
		},
		{
			"from": [2.75, -4.25, 5.5],
			"to": [3.5, -1.25, 9.75],
			"rotation": {"angle": 45, "axis": "z", "origin": [0, 0, 0]},
			"faces": {
				"north": {"uv": [4, 4, 5.75, 8], "texture": "#1"},
				"east": {"uv": [4, 4, 10.5, 8], "texture": "#1"},
				"south": {"uv": [4, 4, 5.75, 8], "texture": "#1"},
				"west": {"uv": [4, 4, 10.5, 8], "texture": "#1"},
				"up": {"uv": [4, 4, 5.75, 10.5], "texture": "#1"},
				"down": {"uv": [4, 4, 5.75, 10.5], "texture": "#1"}
			}
		},
		{
			"from": [7, 6.25, 5.5],
			"to": [7.75, 9.25, 9.75],
			"rotation": {"angle": -45, "axis": "z", "origin": [0, 0, 0]},
			"faces": {
				"north": {"uv": [4, 4, 5.75, 8], "texture": "#1"},
				"east": {"uv": [4, 4, 10.5, 8], "texture": "#1"},
				"south": {"uv": [4, 4, 5.75, 8], "texture": "#1"},
				"west": {"uv": [4, 4, 10.5, 8], "texture": "#1"},
				"up": {"uv": [4, 4, 5.75, 10.5], "texture": "#1"},
				"down": {"uv": [4, 4, 5.75, 10.5], "texture": "#1"}
			}
		},
		{
			"from": [6.25, 1.5, 5.5],
			"to": [9.25, 2.25, 9.75],
			"rotation": {"angle": 45, "axis": "z", "origin": [0, 0, 0]},
			"faces": {
				"north": {"uv": [4, 4, 5.75, 8], "rotation": 270, "texture": "#1"},
				"east": {"uv": [4, 4, 5.75, 10.5], "rotation": 90, "texture": "#1"},
				"south": {"uv": [4, 4, 5.75, 8], "rotation": 90, "texture": "#1"},
				"west": {"uv": [4, 4, 5.75, 10.5], "rotation": 90, "texture": "#1"},
				"up": {"uv": [4, 4, 10.5, 8], "rotation": 90, "texture": "#1"},
				"down": {"uv": [4, 4, 10.5, 8], "rotation": 90, "texture": "#1"}
			}
		},
		{
			"from": [1.25, 12, 5.5],
			"to": [4.25, 12.75, 9.75],
			"rotation": {"angle": -45, "axis": "z", "origin": [0, 0, 0]},
			"faces": {
				"north": {"uv": [4, 4, 5.75, 8], "rotation": 270, "texture": "#1"},
				"east": {"uv": [4, 4, 5.75, 10.5], "rotation": 90, "texture": "#1"},
				"south": {"uv": [4, 4, 5.75, 8], "rotation": 90, "texture": "#1"},
				"west": {"uv": [4, 4, 5.75, 10.5], "rotation": 90, "texture": "#1"},
				"up": {"uv": [4, 4, 10.5, 8], "rotation": 90, "texture": "#1"},
				"down": {"uv": [4, 4, 10.5, 8], "rotation": 90, "texture": "#1"}
			}
		},
		{
			"from": [11, 1, 5.75],
			"to": [12, 6, 9.75],
			"faces": {
				"north": {"uv": [4, 4, 6, 10], "texture": "#1"},
				"east": {"uv": [4, 4, 9.75, 10], "texture": "#1"},
				"south": {"uv": [4, 4, 6, 10], "texture": "#1"},
				"west": {"uv": [4, 4, 9.75, 10], "texture": "#1"},
				"up": {"uv": [4, 4, 6, 9.75], "texture": "#1"},
				"down": {"uv": [4, 4, 6, 9.75], "texture": "#1"}
			}
		},
		{
			"from": [5, 1, 11],
			"to": [10, 6, 12],
			"rotation": {"angle": 0, "axis": "y", "origin": [0, 0, -2.5]},
			"faces": {
				"north": {"uv": [4, 4, 10, 10], "texture": "#1"},
				"east": {"uv": [4, 4, 6, 10], "texture": "#1"},
				"south": {"uv": [4, 4, 10, 10], "texture": "#1"},
				"west": {"uv": [4, 4, 6, 10], "texture": "#1"},
				"up": {"uv": [4, 4, 10, 6], "texture": "#1"},
				"down": {"uv": [4, 4, 10, 6], "texture": "#1"}
			}
		},
		{
			"from": [3.85, -0.25, 9.75],
			"to": [11.3, 7.25, 11],
			"rotation": {"angle": 0, "axis": "y", "origin": [0, 0, -2.25]},
			"faces": {
				"north": {"uv": [4, 4, 12.5, 12.5], "texture": "#1"},
				"east": {"uv": [4, 4, 6.25, 12.5], "texture": "#1"},
				"south": {"uv": [4, 4, 12.5, 12.5], "texture": "#1"},
				"west": {"uv": [4, 4, 6.25, 12.5], "texture": "#1"},
				"up": {"uv": [4, 4, 12.5, 6.25], "texture": "#1"},
				"down": {"uv": [4, 4, 12.5, 6.25], "texture": "#1"}
			}
		},
		{
			"from": [10.5, 1, 3.25],
			"to": [13.5, 6, 4],
			"rotation": {"angle": -45, "axis": "y", "origin": [0, 0, -2.25]},
			"faces": {
				"north": {"uv": [4, 4, 8, 10], "texture": "#1"},
				"east": {"uv": [4, 4, 5.75, 10], "texture": "#1"},
				"south": {"uv": [4, 4, 8, 10], "texture": "#1"},
				"west": {"uv": [4, 4, 5.75, 10], "texture": "#1"},
				"up": {"uv": [4, 4, 8, 5.75], "texture": "#1"},
				"down": {"uv": [4, 4, 8, 5.75], "texture": "#1"}
			}
		},
		{
			"from": [-3, 1, 14],
			"to": [0, 6, 14.75],
			"rotation": {"angle": 45, "axis": "y", "origin": [0, 0, -2.25]},
			"faces": {
				"north": {"uv": [4, 4, 8, 10], "texture": "#1"},
				"east": {"uv": [4, 4, 5.75, 10], "texture": "#1"},
				"south": {"uv": [4, 4, 8, 10], "texture": "#1"},
				"west": {"uv": [4, 4, 5.75, 10], "texture": "#1"},
				"up": {"uv": [4, 4, 8, 5.75], "texture": "#1"},
				"down": {"uv": [4, 4, 8, 5.75], "texture": "#1"}
			}
		},
		{
			"from": [5, -5.75, 11],
			"to": [10, -2.75, 12],
			"rotation": {"angle": -45, "axis": "x", "origin": [0, 0, -2.25]},
			"faces": {
				"north": {"uv": [4, 4, 10, 8], "texture": "#1"},
				"east": {"uv": [4, 4, 6, 8], "texture": "#1"},
				"south": {"uv": [4, 4, 10, 8], "texture": "#1"},
				"west": {"uv": [4, 4, 6, 8], "texture": "#1"},
				"up": {"uv": [4, 4, 10, 6], "texture": "#1"},
				"down": {"uv": [4, 4, 10, 6], "texture": "#1"}
			}
		},
		{
			"from": [5, 7.75, 6],
			"to": [10, 10.5, 7],
			"rotation": {"angle": 45, "axis": "x", "origin": [0, 0, -2.25]},
			"faces": {
				"north": {"uv": [4, 4, 10, 7.75], "texture": "#1"},
				"east": {"uv": [4, 4, 6, 7.75], "texture": "#1"},
				"south": {"uv": [4, 4, 10, 7.75], "texture": "#1"},
				"west": {"uv": [4, 4, 6, 7.75], "texture": "#1"},
				"up": {"uv": [4, 4, 10, 6], "texture": "#1"},
				"down": {"uv": [4, 4, 10, 6], "texture": "#1"}
			}
		},
		{
			"from": [3.75, -4.25, 4],
			"to": [4.25, -1.75, 6.25],
			"rotation": {"angle": 45, "axis": "z", "origin": [0, -0.5, 2.75]},
			"faces": {
				"north": {"uv": [4, 5, 5.5, 8.75], "rotation": 180, "texture": "#1"},
				"east": {"uv": [4, 5, 7.25, 8.75], "rotation": 180, "texture": "#1"},
				"south": {"uv": [4, 5, 5.5, 8.75], "rotation": 180, "texture": "#1"},
				"west": {"uv": [4, 5, 7.25, 8.75], "rotation": 180, "texture": "#1"},
				"up": {"uv": [4, 5, 5.5, 8.25], "rotation": 180, "texture": "#1"},
				"down": {"uv": [4, 5, 5.5, 8.25], "rotation": 180, "texture": "#1"}
			}
		},
		{
			"from": [5.25, 0.25, 3.5],
			"to": [9.5, 0.75, 5.75],
			"rotation": {"angle": 22.5, "axis": "x", "origin": [0, -0.5, 2.75]},
			"faces": {
				"north": {"uv": [4, 5, 5.5, 10.25], "rotation": 90, "texture": "#1"},
				"east": {"uv": [4, 5, 5.5, 8.25], "rotation": 90, "texture": "#1"},
				"south": {"uv": [4, 5, 5.5, 10.25], "rotation": 270, "texture": "#1"},
				"west": {"uv": [4, 5, 5.5, 8.25], "rotation": 90, "texture": "#1"},
				"up": {"uv": [4, 5, 7.25, 10.25], "rotation": 270, "texture": "#1"},
				"down": {"uv": [4, 5, 7.25, 10.25], "rotation": 270, "texture": "#1"}
			}
		},
		{
			"from": [6.75, -7.25, 4],
			"to": [9.25, -6.75, 6.25],
			"rotation": {"angle": 45, "axis": "z", "origin": [0, -0.5, 2.75]},
			"faces": {
				"north": {"uv": [4, 5, 5.5, 8.75], "rotation": 90, "texture": "#1"},
				"east": {"uv": [4, 5, 5.5, 8.25], "rotation": 270, "texture": "#1"},
				"south": {"uv": [4, 5, 5.5, 8.75], "rotation": 270, "texture": "#1"},
				"west": {"uv": [4, 5, 5.5, 8.25], "rotation": 270, "texture": "#1"},
				"up": {"uv": [4, 5, 7.25, 8.75], "rotation": 270, "texture": "#1"},
				"down": {"uv": [4, 5, 7.25, 8.75], "rotation": 270, "texture": "#1"}
			}
		},
		{
			"from": [2.5, 2.25, 5.75],
			"to": [3, 2.5, 9.75],
			"rotation": {"angle": 0, "axis": "y", "origin": [-0.5, 0, 0.75]},
			"faces": {
				"north": {"uv": [4, 5, 5.5, 10.5], "texture": "#2"},
				"east": {"uv": [4, 5, 5.5, 10.5], "texture": "#2"},
				"south": {"uv": [4, 5, 5.5, 10.5], "texture": "#2"},
				"west": {"uv": [4, 5, 5.5, 10.5], "texture": "#2"},
				"up": {"uv": [4, 5, 5.5, 6.5], "texture": "#2"},
				"down": {"uv": [4, 5, 5.5, 6.5], "texture": "#2"}
			}
		},
		{
			"from": [2.5, 4.75, 5.75],
			"to": [3, 5, 9.75],
			"rotation": {"angle": 0, "axis": "y", "origin": [-0.5, 0, 0.75]},
			"faces": {
				"north": {"uv": [4, 5, 5.5, 10.5], "texture": "#2"},
				"east": {"uv": [4, 5, 5.5, 10.5], "texture": "#2"},
				"south": {"uv": [4, 5, 5.5, 10.5], "texture": "#2"},
				"west": {"uv": [4, 5, 5.5, 10.5], "texture": "#2"},
				"up": {"uv": [4, 5, 5.5, 6.5], "texture": "#2"},
				"down": {"uv": [4, 5, 5.5, 6.5], "texture": "#2"}
			}
		},
		{
			"from": [5.5, 8, 5.75],
			"to": [6, 8.5, 9.75],
			"rotation": {"angle": 0, "axis": "y", "origin": [-0.5, 0, 0.75]},
			"faces": {
				"north": {"uv": [4, 5, 5.5, 10.5], "texture": "#2"},
				"east": {"uv": [4, 5, 5.5, 10.5], "texture": "#2"},
				"south": {"uv": [4, 5, 5.5, 10.5], "texture": "#2"},
				"west": {"uv": [4, 5, 5.5, 10.5], "texture": "#2"},
				"up": {"uv": [4, 5, 5.5, 6.5], "texture": "#2"},
				"down": {"uv": [4, 5, 5.5, 6.5], "texture": "#2"}
			}
		},
		{
			"from": [5.5, 11.75, 1.25],
			"to": [6, 12.25, 5.25],
			"rotation": {"angle": 45, "axis": "x", "origin": [-0.5, 0, 1]},
			"faces": {
				"north": {"uv": [4, 5, 5.5, 10.5], "texture": "#2"},
				"east": {"uv": [4, 5, 5.5, 10.5], "texture": "#2"},
				"south": {"uv": [4, 5, 5.5, 10.5], "texture": "#2"},
				"west": {"uv": [4, 5, 5.5, 10.5], "texture": "#2"},
				"up": {"uv": [4, 5, 5.5, 6.5], "texture": "#2"},
				"down": {"uv": [4, 5, 5.5, 6.5], "texture": "#2"}
			}
		},
		{
			"from": [8.75, 11.75, 1.25],
			"to": [9.25, 12.25, 5.25],
			"rotation": {"angle": 45, "axis": "x", "origin": [-0.5, 0, 1]},
			"faces": {
				"north": {"uv": [4, 5, 5.5, 10.5], "texture": "#2"},
				"east": {"uv": [4, 5, 5.5, 10.5], "texture": "#2"},
				"south": {"uv": [4, 5, 5.5, 10.5], "texture": "#2"},
				"west": {"uv": [4, 5, 5.5, 10.5], "texture": "#2"},
				"up": {"uv": [4, 5, 5.5, 6.5], "texture": "#2"},
				"down": {"uv": [4, 5, 5.5, 6.5], "texture": "#2"}
			}
		},
		{
			"from": [8.75, 8, 5.75],
			"to": [9.25, 8.5, 9.75],
			"rotation": {"angle": 0, "axis": "y", "origin": [-0.5, 0, 0.75]},
			"faces": {
				"north": {"uv": [4, 5, 5.5, 10.5], "texture": "#2"},
				"east": {"uv": [4, 5, 5.5, 10.5], "texture": "#2"},
				"south": {"uv": [4, 5, 5.5, 10.5], "texture": "#2"},
				"west": {"uv": [4, 5, 5.5, 10.5], "texture": "#2"},
				"up": {"uv": [4, 5, 5.5, 6.5], "texture": "#2"},
				"down": {"uv": [4, 5, 5.5, 6.5], "texture": "#2"}
			}
		},
		{
			"from": [-4.6, 4.75, 9.25],
			"to": [-4.1, 5, 13],
			"rotation": {"angle": 45, "axis": "y", "origin": [-0.5, 0, 1]},
			"faces": {
				"north": {"uv": [4, 5, 5.5, 10.5], "texture": "#2"},
				"east": {"uv": [4, 5, 5.5, 10.5], "texture": "#2"},
				"south": {"uv": [4, 5, 5.5, 10.5], "texture": "#2"},
				"west": {"uv": [4, 5, 5.5, 10.5], "texture": "#2"},
				"up": {"uv": [4, 5, 5.5, 6.5], "texture": "#2"},
				"down": {"uv": [4, 5, 5.5, 6.5], "texture": "#2"}
			}
		},
		{
			"from": [-4.6, 2.25, 9.25],
			"to": [-4.1, 2.5, 13],
			"rotation": {"angle": 45, "axis": "y", "origin": [-0.5, 0, 1]},
			"faces": {
				"north": {"uv": [4, 5, 5.5, 10.5], "texture": "#2"},
				"east": {"uv": [4, 5, 5.5, 10.5], "texture": "#2"},
				"south": {"uv": [4, 5, 5.5, 10.5], "texture": "#2"},
				"west": {"uv": [4, 5, 5.5, 10.5], "texture": "#2"},
				"up": {"uv": [4, 5, 5.5, 6.5], "texture": "#2"},
				"down": {"uv": [4, 5, 5.5, 6.5], "texture": "#2"}
			}
		},
		{
			"from": [-1.25, 2.25, 16],
			"to": [2.5, 2.5, 16.5],
			"rotation": {"angle": 45, "axis": "y", "origin": [-0.5, 0, 1]},
			"faces": {
				"north": {"uv": [4, 5, 5.5, 10.5], "texture": "#2"},
				"east": {"uv": [4, 5, 5.5, 10.5], "texture": "#2"},
				"south": {"uv": [4, 5, 5.5, 10.5], "texture": "#2"},
				"west": {"uv": [4, 5, 5.5, 10.5], "texture": "#2"},
				"up": {"uv": [4, 5, 5.5, 6.5], "rotation": 270, "texture": "#2"},
				"down": {"uv": [4, 5, 5.5, 6.5], "rotation": 90, "texture": "#2"}
			}
		},
		{
			"from": [-1.25, 4.75, 16],
			"to": [2.5, 5, 16.5],
			"rotation": {"angle": 45, "axis": "y", "origin": [-0.5, 0, 1]},
			"faces": {
				"north": {"uv": [4, 5, 5.5, 10.5], "texture": "#2"},
				"east": {"uv": [4, 5, 5.5, 10.5], "texture": "#2"},
				"south": {"uv": [4, 5, 5.5, 10.5], "texture": "#2"},
				"west": {"uv": [4, 5, 5.5, 10.5], "texture": "#2"},
				"up": {"uv": [4, 5, 5.5, 6.5], "rotation": 270, "texture": "#2"},
				"down": {"uv": [4, 5, 5.5, 6.5], "rotation": 90, "texture": "#2"}
			}
		},
		{
			"from": [12, 4.75, 5.75],
			"to": [12.5, 5, 9.75],
			"rotation": {"angle": 0, "axis": "y", "origin": [-0.5, 0, 0.75]},
			"faces": {
				"north": {"uv": [4, 5, 5.5, 10.5], "texture": "#2"},
				"east": {"uv": [4, 5, 5.5, 10.5], "texture": "#2"},
				"south": {"uv": [4, 5, 5.5, 10.5], "texture": "#2"},
				"west": {"uv": [4, 5, 5.5, 10.5], "texture": "#2"},
				"up": {"uv": [4, 5, 5.5, 6.5], "texture": "#2"},
				"down": {"uv": [4, 5, 5.5, 6.5], "texture": "#2"}
			}
		},
		{
			"from": [12, 2.25, 5.75],
			"to": [12.5, 2.5, 9.75],
			"rotation": {"angle": 0, "axis": "y", "origin": [-0.5, 0, 0.75]},
			"faces": {
				"north": {"uv": [4, 5, 5.5, 10.5], "texture": "#2"},
				"east": {"uv": [4, 5, 5.5, 10.5], "texture": "#2"},
				"south": {"uv": [4, 5, 5.5, 10.5], "texture": "#2"},
				"west": {"uv": [4, 5, 5.5, 10.5], "texture": "#2"},
				"up": {"uv": [4, 5, 5.5, 6.5], "texture": "#2"},
				"down": {"uv": [4, 5, 5.5, 6.5], "texture": "#2"}
			}
		},
		{
			"from": [5.25, 1.25, 12],
			"to": [6.5, 5.75, 12.75],
			"rotation": {"angle": 0, "axis": "y", "origin": [0, 0, 0.25]},
			"faces": {
				"north": {"uv": [3, 3, 8.25, 11.5], "texture": "#4"},
				"east": {"uv": [3, 3, 8, 11.5], "texture": "#4"},
				"south": {"uv": [3, 3, 8.25, 11.5], "texture": "#4"},
				"west": {"uv": [3, 3, 8, 11.5], "texture": "#4"},
				"up": {"uv": [3, 3, 8.25, 8], "texture": "#4"},
				"down": {"uv": [3, 3, 8.25, 8], "texture": "#4"}
			}
		},
		{
			"from": [8.5, 1.25, 12],
			"to": [9.75, 5.75, 12.75],
			"rotation": {"angle": 0, "axis": "y", "origin": [0, 0, 0.25]},
			"faces": {
				"north": {"uv": [3, 3, 8.25, 11.5], "texture": "#4"},
				"east": {"uv": [3, 3, 8, 11.5], "texture": "#4"},
				"south": {"uv": [3, 3, 8.25, 11.5], "texture": "#4"},
				"west": {"uv": [3, 3, 8, 11.5], "texture": "#4"},
				"up": {"uv": [3, 3, 8.25, 8], "texture": "#4"},
				"down": {"uv": [3, 3, 8.25, 8], "texture": "#4"}
			}
		},
		{
			"from": [5.25, 5.75, 6.25],
			"to": [9.5, 6.25, 8.25],
			"rotation": {"angle": -22.5, "axis": "x", "origin": [0, 0.5, 2.75]},
			"faces": {
				"north": {"uv": [4, 5, 5.5, 10.25], "rotation": 90, "texture": "#3"},
				"east": {"uv": [4, 5, 5.5, 8.25], "rotation": 270, "texture": "#3"},
				"south": {"uv": [4, 5, 5.5, 10.25], "rotation": 270, "texture": "#3"},
				"west": {"uv": [4, 5, 5.5, 8.25], "rotation": 270, "texture": "#3"},
				"up": {"uv": [4, 5, 7.25, 10.25], "rotation": 270, "texture": "#3"},
				"down": {"uv": [4, 5, 7.25, 10.25], "rotation": 270, "texture": "#3"}
			}
		},
		{
			"from": [10, 0.5, 3.75],
			"to": [10.5, 6.5, 4],
			"rotation": {"angle": 0, "axis": "x", "origin": [0, 0, 2.75]},
			"faces": {
				"north": {"uv": [4, 5, 11, 12.25], "rotation": 90, "texture": "#3"},
				"east": {"uv": [4, 5, 5.25, 12], "texture": "#3"},
				"south": {"uv": [4, 5, 11, 12.25], "rotation": 270, "texture": "#3", "cullface": "south"},
				"west": {"uv": [4, 5, 5.25, 12], "rotation": 180, "texture": "#3"},
				"up": {"uv": [4, 5, 5.25, 12.25], "rotation": 270, "texture": "#3"},
				"down": {"uv": [4, 5, 5.25, 12.25], "rotation": 270, "texture": "#3"}
			}
		},
		{
			"from": [4.25, 0.5, 3.75],
			"to": [4.75, 6.5, 4],
			"rotation": {"angle": 0, "axis": "y", "origin": [0, 0, 2.75]},
			"faces": {
				"north": {"uv": [4, 5, 11, 12.25], "rotation": 90, "texture": "#3"},
				"east": {"uv": [4, 5, 5.25, 12], "texture": "#3"},
				"south": {"uv": [4, 5, 11, 12.25], "rotation": 270, "texture": "#3", "cullface": "south"},
				"west": {"uv": [4, 5, 5.25, 12], "rotation": 180, "texture": "#3"},
				"up": {"uv": [4, 5, 5.25, 12.25], "rotation": 270, "texture": "#3"},
				"down": {"uv": [4, 5, 5.25, 12.25], "rotation": 270, "texture": "#3"}
			}
		},
		{
			"from": [4.75, 1, 3.5],
			"to": [10, 6, 3.75],
			"rotation": {"angle": 0, "axis": "y", "origin": [0, 0, 2.75]},
			"faces": {
				"north": {"uv": [4, 5, 10, 11], "rotation": 90, "texture": "#3"},
				"east": {"uv": [4, 5, 5.25, 11], "texture": "#3"},
				"south": {"uv": [4, 5, 10, 11], "rotation": 270, "texture": "#3", "cullface": "south"},
				"west": {"uv": [4, 5, 5.25, 11], "rotation": 180, "texture": "#3"},
				"up": {"uv": [4, 5, 5.25, 11], "rotation": 270, "texture": "#3"},
				"down": {"uv": [4, 5, 5.25, 11], "rotation": 270, "texture": "#3"}
			}
		},
		{
			"from": [4.75, 6, 3.75],
			"to": [10, 7, 4],
			"rotation": {"angle": 0, "axis": "y", "origin": [0, 0, 2.75]},
			"faces": {
				"north": {"uv": [4, 5, 12, 11.25], "rotation": 90, "texture": "#3"},
				"east": {"uv": [4, 5, 5.25, 13], "texture": "#3"},
				"south": {"uv": [4, 5, 12, 11.25], "rotation": 270, "texture": "#3", "cullface": "south"},
				"west": {"uv": [4, 5, 5.25, 13], "rotation": 180, "texture": "#3"},
				"up": {"uv": [4, 5, 5.25, 11.25], "rotation": 270, "texture": "#3"},
				"down": {"uv": [4, 5, 5.25, 11.25], "rotation": 270, "texture": "#3"}
			}
		},
		{
			"from": [4.75, 0.25, 3.75],
			"to": [10, 1.25, 4],
			"rotation": {"angle": 0, "axis": "y", "origin": [0, 0, 2.75]},
			"faces": {
				"north": {"uv": [4, 5, 12, 11.25], "rotation": 90, "texture": "#3"},
				"east": {"uv": [4, 5, 5.25, 13], "texture": "#3"},
				"south": {"uv": [4, 5, 12, 11.25], "rotation": 270, "texture": "#3", "cullface": "south"},
				"west": {"uv": [4, 5, 5.25, 13], "rotation": 180, "texture": "#3"},
				"up": {"uv": [4, 5, 5.25, 11.25], "rotation": 270, "texture": "#3"},
				"down": {"uv": [4, 5, 5.25, 11.25], "rotation": 270, "texture": "#3"}
			}
		},
		{
			"from": [10.5, 1, 3.75],
			"to": [10.75, 6.25, 4],
			"rotation": {"angle": 0, "axis": "y", "origin": [0, 0, 2.75]},
			"faces": {
				"north": {"uv": [4, 5, 10.25, 12.75], "rotation": 90, "texture": "#3"},
				"east": {"uv": [4, 5, 5.25, 11.25], "texture": "#3"},
				"south": {"uv": [4, 5, 10.25, 12.75], "rotation": 270, "texture": "#3"},
				"west": {"uv": [4, 5, 5.25, 11.25], "rotation": 180, "texture": "#3"},
				"up": {"uv": [4, 5, 5.25, 12.75], "rotation": 270, "texture": "#3"},
				"down": {"uv": [4, 5, 5.25, 12.75], "rotation": 270, "texture": "#3"}
			}
		},
		{
			"from": [4, 1, 3.75],
			"to": [4.25, 6.25, 4],
			"rotation": {"angle": 0, "axis": "y", "origin": [0, 0, 2.75]},
			"faces": {
				"north": {"uv": [4, 5, 10.25, 12.75], "rotation": 90, "texture": "#3"},
				"east": {"uv": [4, 5, 5.25, 11.25], "texture": "#3"},
				"south": {"uv": [4, 5, 10.25, 12.75], "rotation": 270, "texture": "#3"},
				"west": {"uv": [4, 5, 5.25, 11.25], "rotation": 180, "texture": "#3"},
				"up": {"uv": [4, 5, 5.25, 12.75], "rotation": 270, "texture": "#3"},
				"down": {"uv": [4, 5, 5.25, 12.75], "rotation": 270, "texture": "#3"}
			}
		},
		{
			"from": [6, 1.25, 4],
			"to": [8.75, 1.75, 6.25],
			"rotation": {"angle": 45, "axis": "z", "origin": [0, 0.5, 2.75]},
			"faces": {
				"north": {"uv": [4, 5, 5.5, 8.75], "rotation": 90, "texture": "#3"},
				"east": {"uv": [4, 5, 5.5, 8.25], "rotation": 270, "texture": "#3"},
				"south": {"uv": [4, 5, 5.5, 8.75], "rotation": 270, "texture": "#3"},
				"west": {"uv": [4, 5, 5.5, 8.25], "rotation": 270, "texture": "#3"},
				"up": {"uv": [4, 5, 7.25, 8.75], "rotation": 270, "texture": "#3"},
				"down": {"uv": [4, 5, 7.25, 8.75], "rotation": 270, "texture": "#3"}
			}
		},
		{
			"from": [11.25, -4, 4],
			"to": [11.75, -1.25, 6.25],
			"rotation": {"angle": 45, "axis": "z", "origin": [0, 0.5, 2.75]},
			"faces": {
				"north": {"uv": [4, 5, 5.5, 8.75], "rotation": 180, "texture": "#3"},
				"east": {"uv": [4, 5, 7.25, 8.75], "rotation": 180, "texture": "#3"},
				"south": {"uv": [4, 5, 5.5, 8.75], "rotation": 180, "texture": "#3"},
				"west": {"uv": [4, 5, 7.25, 8.75], "rotation": 180, "texture": "#3"},
				"up": {"uv": [4, 5, 5.5, 8.25], "rotation": 180, "texture": "#3"},
				"down": {"uv": [4, 5, 5.5, 8.25], "rotation": 180, "texture": "#3"}
			}
		},
		{
			"from": [9.5, 1.25, 7.75],
			"to": [10, 5.75, 9.75],
			"rotation": {"angle": 22.5, "axis": "y", "origin": [0.5, 0, 2.75]},
			"faces": {
				"north": {"uv": [4, 5, 5.5, 10.5], "texture": "#3"},
				"east": {"uv": [4, 5, 7, 10.5], "texture": "#3"},
				"south": {"uv": [4, 5, 5.5, 10.5], "texture": "#3"},
				"west": {"uv": [4, 5, 7, 10.5], "texture": "#3"},
				"up": {"uv": [4, 5, 5.5, 8], "texture": "#3"},
				"down": {"uv": [4, 5, 5.5, 8], "texture": "#3"}
			}
		},
		{
			"from": [3.75, 1.25, 2],
			"to": [4.25, 5.75, 4],
			"rotation": {"angle": -22.5, "axis": "y", "origin": [-0.5, 0, 2.75]},
			"faces": {
				"north": {"uv": [4, 5, 5.5, 10.5], "texture": "#3"},
				"east": {"uv": [4, 5, 7, 10.5], "texture": "#3"},
				"south": {"uv": [4, 5, 5.5, 10.5], "texture": "#3"},
				"west": {"uv": [4, 5, 7, 10.5], "texture": "#3"},
				"up": {"uv": [4, 5, 5.5, 8], "rotation": 180, "texture": "#3"},
				"down": {"uv": [4, 5, 5.5, 8], "rotation": 180, "texture": "#3"}
			}
		}
	],
	"gui_light": "front",
	"display": {
		"thirdperson_righthand": {
			"translation": [0.5, 7.25, 0.25]
		},
		"thirdperson_lefthand": {
			"translation": [0, 7, 0]
		},
		"firstperson_righthand": {
			"rotation": [31.75, 0, 0],
			"translation": [0, 3.75, 1.5]
		},
		"firstperson_lefthand": {
			"rotation": [32.5, 0, 0],
			"translation": [0, 3.5, 0.75]
		},
		"ground": {
			"translation": [1, 5.75, 1.25]
		},
		"gui": {
			"rotation": [25, -130, 9],
			"translation": [0.25, 4.25, 0],
			"scale": [1.15, 1.15, 1.15]
		},
		"head": {
			"translation": [1.25, 10.75, 1],
			"scale": [2.25, 2.25, 2.25]
		},
		"fixed": {
			"translation": [1, 9, 0],
			"scale": [2, 2, 2]
		}
	},
	"groups": [
		{
			"name": "helmet",
			"origin": [0, 0, 0],
			"color": 0,
			"children": [
				0,
				1,
				2,
				3,
				4,
				5,
				6,
				7,
				8,
				9,
				10,
				11,
				12,
				13,
				14,
				15,
				16,
				{
					"name": "detail",
					"origin": [-0.5, 0, 0.75],
					"color": 0,
					"children": [17, 18, 19, 20, 21, 22, 23, 24, 25, 26, 27, 28, 29, 30]
				},
				{
					"name": "glass",
					"origin": [0, 0, 0],
					"color": 0,
					"children": [31, 32, 33, 34, 35, 36, 37, 38, 39, 40, 41, 42]
				}
			]
		}
	]
}