{
	"texture_size": [128, 128],
	"textures": {
		"0": "block/box_open",
		"particle": "block/box_open"
	},
	"elements": [
		{
			"from": [0, 0, 0],
			"to": [16, 7, 16],
			"faces": {
				"north": {"uv": [4.25, 3.25, 6.25, 4.875], "texture": "#0"},
				"east": {"uv": [4.25, 4.125, 6.25, 4.875], "texture": "#0"},
				"south": {"uv": [4.25, 3.25, 6.25, 4.875], "texture": "#0"},
				"west": {"uv": [4.25, 3.25, 6.25, 4.875], "texture": "#0"},
				"up": {"uv": [4.25, 2, 2.25, 0], "texture": "#0"},
				"down": {"uv": [4.25, 2, 2.25, 4], "texture": "#0"}
			}
		},
		{
			"from": [9.39458, 17.12777, 24.10879],
			"to": [13.64458, 19.17777, 26.00879],
			"rotation": {"angle": 22.5, "axis": "x", "origin": [8, 14.27777, 8]},
			"faces": {
				"north": {"uv": [7.625, 4.125, 7.125, 4.375], "rotation": 180, "texture": "#0"},
				"east": {"uv": [3.875, 5.625, 4.125, 5.875], "rotation": 270, "texture": "#0"},
				"south": {"uv": [3.875, 5.875, 3.375, 5.625], "texture": "#0"},
				"west": {"uv": [6.25, 4.375, 6.5, 4.625], "rotation": 90, "texture": "#0"},
				"up": {"uv": [2.375, 5.625, 2.875, 5.875], "rotation": 180, "texture": "#0"},
				"down": {"uv": [2.875, 5.625, 3.375, 5.875], "texture": "#0"}
			}
		},
		{
			"from": [2.35542, 17.12777, 24.10879],
			"to": [6.60542, 19.17777, 26.00879],
			"rotation": {"angle": 22.5, "axis": "x", "origin": [8, 14.27777, 8]},
			"faces": {
				"north": {"uv": [6.875, 7.125, 6.375, 7.375], "rotation": 180, "texture": "#0"},
				"east": {"uv": [6.625, 5.75, 6.875, 6], "rotation": 270, "texture": "#0"},
				"south": {"uv": [6.375, 7.375, 5.875, 7.125], "texture": "#0"},
				"west": {"uv": [4.875, 7.375, 5.125, 7.625], "rotation": 90, "texture": "#0"},
				"up": {"uv": [4.875, 7.125, 5.375, 7.375], "rotation": 180, "texture": "#0"},
				"down": {"uv": [5.375, 7.125, 5.875, 7.375], "texture": "#0"}
			}
		},
		{
			"from": [7, 17.12777, 18.42223],
			"to": [9, 19.17777, 27.57223],
			"rotation": {"angle": 22.5, "axis": "x", "origin": [8, 14.27777, 8]},
			"faces": {
				"north": {"uv": [6.875, 5.5, 6.625, 5.75], "rotation": 180, "texture": "#0"},
				"east": {"uv": [4.125, 7.125, 4.375, 8.25], "rotation": 270, "texture": "#0"},
				"south": {"uv": [6.5, 4.875, 6.25, 4.625], "texture": "#0"},
				"west": {"uv": [4.625, 7.125, 4.875, 8.25], "rotation": 90, "texture": "#0"},
				"up": {"uv": [3.875, 7.125, 4.125, 8.25], "rotation": 180, "texture": "#0"},
				"down": {"uv": [4.375, 7.125, 4.625, 8.25], "texture": "#0"}
			}
		},
		{
			"from": [-1.25, 16.17777, 17.42223],
			"to": [17.25, 20.27777, 26.57223],
			"rotation": {"angle": 22.5, "axis": "x", "origin": [8, 14.27777, 8]},
			"faces": {
				"north": {"uv": [8.625, 1.625, 6.25, 2.125], "rotation": 180, "texture": "#0"},
				"east": {"uv": [1.375, 6.75, 1.875, 7.875], "rotation": 270, "texture": "#0"},
				"south": {"uv": [8.625, 1.625, 6.25, 1.125], "texture": "#0"},
				"west": {"uv": [1.375, 6.75, 1.875, 7.875], "rotation": 90, "texture": "#0"},
				"up": {"uv": [4.25, 4.875, 6.625, 6], "rotation": 180, "texture": "#0"},
				"down": {"uv": [0, 5.625, 2.375, 6.75], "texture": "#0"}
			}
		},
		{
			"from": [6, 20.27777, 17.42223],
			"to": [10, 27.52777, 26.57223],
			"rotation": {"angle": 22.5, "axis": "x", "origin": [8, 14.27777, 8]},
			"faces": {
				"north": {"uv": [3.375, 7.125, 2.875, 8], "rotation": 180, "texture": "#0"},
				"east": {"uv": [6.25, 2.125, 7.125, 3.25], "rotation": 270, "texture": "#0"},
				"south": {"uv": [1.375, 6.75, 1.875, 7.875], "texture": "#0"},
				"west": {"uv": [6.25, 3.25, 7.125, 4.375], "rotation": 90, "texture": "#0"},
				"up": {"uv": [1.375, 6.75, 1.875, 7.875], "rotation": 180, "texture": "#0"},
				"down": {"uv": [6.875, 5.5, 7.375, 6.625], "texture": "#0"}
			}
		},
		{
			"from": [-1, 9.27777, 17.32223],
			"to": [17, 27.27777, 26.32223],
			"rotation": {"angle": 22.5, "axis": "x", "origin": [8, 14.27777, 8]},
			"faces": {
				"north": {"uv": [2.25, 2.25, 0, 4.5], "rotation": 180, "texture": "#0"},
				"east": {"uv": [6.25, 0, 8.5, 1.125], "rotation": 270, "texture": "#0"},
				"south": {"uv": [2.25, 2.25, 0, 0], "texture": "#0"},
				"west": {"uv": [6.25, 0, 8.5, 1.125], "rotation": 90, "texture": "#0"},
				"up": {"uv": [6.25, 0, 8.5, 1.125], "rotation": 180, "texture": "#0"},
				"down": {"uv": [6.25, 0, 8.5, 1.125], "texture": "#0"}
			}
		},
		{
			"from": [6, 9.02777, 17.42223],
			"to": [10, 16.27777, 26.57223],
			"rotation": {"angle": 22.5, "axis": "x", "origin": [8, 14.27777, 8]},
			"faces": {
				"north": {"uv": [3.875, 7.125, 3.375, 8], "rotation": 180, "texture": "#0"},
				"east": {"uv": [6.625, 4.375, 7.5, 5.5], "rotation": 270, "texture": "#0"},
				"south": {"uv": [7.625, 4.125, 7.125, 3.25], "texture": "#0"},
				"west": {"uv": [0, 6.75, 0.875, 7.875], "rotation": 90, "texture": "#0"},
				"up": {"uv": [6.875, 6.625, 7.375, 7.75], "rotation": 180, "texture": "#0"},
				"down": {"uv": [1.375, 6.75, 1.875, 7.875], "texture": "#0"}
			}
		}
	],
	"gui_light": "front",
	"display": {
		"thirdperson_righthand": {
			"rotation": [75, 45, 0],
			"translation": [0, 2.5, 0],
			"scale": [0.375, 0.375, 0.375]
		},
		"thirdperson_lefthand": {
			"rotation": [75, 45, 0],
			"translation": [0, 2.5, 0],
			"scale": [0.375, 0.375, 0.375]
		},
		"firstperson_righthand": {
			"rotation": [0, 45, 0],
			"scale": [0.4, 0.4, 0.4]
		},
		"firstperson_lefthand": {
			"rotation": [0, 225, 0],
			"scale": [0.4, 0.4, 0.4]
		},
		"ground": {
			"translation": [0, 3, 0],
			"scale": [0.25, 0.25, 0.25]
		},
		"gui": {
			"rotation": [30, 225, 0],
			"scale": [0.625, 0.625, 0.625]
		},
		"fixed": {
			"rotation": [0, 90, 0],
			"scale": [0.5, 0.5, 0.5]
		}
	},
	"groups": [
		0,
		{
			"name": "r",
			"origin": [0, 0, 0],
			"color": 0,
			"children": [1, 2, 3, 4, 5, 6, 7]
		}
	]
}