{
	"credit": "Made with Blockbench",
	"textures": {
		"0": "block/stripped_dark_oak_log",
		"2": "custom/steel_dark",
		"particle": "block/stripped_dark_oak_log"
	},
	"elements": [
		{
			"from": [0, 0.25, 7.25],
			"to": [1, 1.25, 7.75],
			"faces": {
				"north": {"uv": [6, 8, 12, 13], "texture": "#0"},
				"east": {"uv": [11, 11, 14, 16], "texture": "#0"},
				"south": {"uv": [6, 8, 12, 13], "texture": "#0"},
				"west": {"uv": [11, 11, 14, 16], "texture": "#0"},
				"up": {"uv": [8, 8, 14, 11], "texture": "#0"},
				"down": {"uv": [0, 9, 4, 16], "rotation": 90, "texture": "#0"}
			}
		},
		{
			"from": [0, 0.25, 6],
			"to": [1, 2.5, 7.25],
			"faces": {
				"north": {"uv": [3, 0, 10, 16], "texture": "#0"},
				"east": {"uv": [8, 2, 14.25, 11.25], "texture": "#0"},
				"south": {"uv": [3, 0, 10, 16], "texture": "#0"},
				"west": {"uv": [8, 2, 14, 11], "texture": "#0"},
				"up": {"uv": [8, 4, 15, 10], "texture": "#0"},
				"down": {"uv": [9, 10, 16, 16], "texture": "#0"}
			}
		},
		{
			"from": [0.25, 0, 5.5],
			"to": [0.75, 2.75, 7.75],
			"faces": {
				"north": {"uv": [9, 2, 11, 12], "texture": "#0"},
				"east": {"uv": [6, 6.25, 14.25, 16], "texture": "#0"},
				"south": {"uv": [9, 2, 11, 12], "texture": "#0"},
				"west": {"uv": [6, 6.25, 14.25, 16], "texture": "#0"},
				"up": {"uv": [0, 0, 0.5, 2.25], "texture": "#0"},
				"down": {"uv": [13.5, 5, 16, 12.25], "texture": "#0"}
			}
		},
		{
			"from": [0.249, 0, 7.5],
			"to": [0.769, 1.5, 8.25],
			"faces": {
				"north": {"uv": [12, 5, 14, 10], "texture": "#0"},
				"east": {"uv": [10, 10.5, 13.75, 16], "texture": "#0"},
				"south": {"uv": [12, 5, 14, 10], "texture": "#0"},
				"west": {"uv": [10, 10.5, 13.75, 16], "texture": "#0"},
				"up": {"uv": [13.5, 12.75, 16, 16], "texture": "#0"},
				"down": {"uv": [13.5, 12.75, 16, 16], "texture": "#0"}
			}
		},
		{
			"from": [-0.25, 2.75, 3.25],
			"to": [1.25, 3, 7.75],
			"faces": {
				"north": {"uv": [3, 2, 5, 3], "texture": "#2"},
				"east": {"uv": [3, 2, 8, 3], "texture": "#2"},
				"south": {"uv": [3, 2, 5, 3], "texture": "#2"},
				"west": {"uv": [3, 2, 8, 3], "texture": "#2"},
				"up": {"uv": [3, 2, 5, 8], "texture": "#2"},
				"down": {"uv": [3, 2, 5, 8], "texture": "#2"}
			}
		},
		{
			"from": [0.25, 1.75, 4],
			"to": [0.75, 2, 4.25],
			"faces": {
				"north": {"uv": [5, 2, 7, 3], "texture": "#2"},
				"east": {"uv": [5, 2, 6, 3], "texture": "#2"},
				"south": {"uv": [5, 2, 7, 3], "texture": "#2"},
				"west": {"uv": [9, 10, 11, 12], "texture": "#2"},
				"up": {"uv": [5, 2, 7, 3], "texture": "#2"},
				"down": {"uv": [5, 2, 7, 3], "texture": "#2"}
			}
		},
		{
			"from": [-0.25, 3, 2.75],
			"to": [1.25, 4.25, 8.25],
			"faces": {
				"north": {"uv": [0, 0, 2, 1], "texture": "#2"},
				"east": {"uv": [0, 0, 6, 1], "texture": "#2"},
				"south": {"uv": [0, 0, 2, 1], "texture": "#2"},
				"west": {"uv": [0, 0, 6, 1], "texture": "#2"},
				"up": {"uv": [0, 0, 2, 6], "texture": "#2"},
				"down": {"uv": [0, 0, 2, 6], "texture": "#2"}
			}
		},
		{
			"from": [0.25, 1.75, 3.75],
			"to": [0.75, 2.75, 4],
			"faces": {
				"north": {"uv": [0, 0, 1, 1], "texture": "#2"},
				"east": {"uv": [8, 4, 9, 8], "texture": "#2"},
				"south": {"uv": [0, 0, 1, 1], "texture": "#2"},
				"west": {"uv": [4, 8, 5, 10], "texture": "#2"},
				"up": {"uv": [7, 4, 8, 5], "texture": "#2"},
				"down": {"uv": [7, 4, 8, 5], "texture": "#2"}
			}
		},
		{
			"from": [0.25, 1.5, 4],
			"to": [0.75, 1.75, 5],
			"faces": {
				"north": {"uv": [6, 6, 8, 7], "texture": "#2"},
				"east": {"uv": [6, 6, 11, 7], "texture": "#2"},
				"south": {"uv": [6, 6, 8, 7], "texture": "#2"},
				"west": {"uv": [4, 8, 6, 9], "texture": "#2"},
				"up": {"uv": [0, 0, 1, 1], "texture": "#2"},
				"down": {"uv": [0, 0, 1, 1], "texture": "#2"}
			}
		},
		{
			"from": [0.25, 1.5, 5.25],
			"to": [0.75, 2.75, 5.5],
			"faces": {
				"north": {"uv": [0, 0, 1, 1], "texture": "#2"},
				"east": {"uv": [8, 7, 9, 8], "texture": "#2"},
				"south": {"uv": [0, 0, 1, 1], "texture": "#2"},
				"west": {"uv": [4, 8, 5, 10], "texture": "#2"},
				"up": {"uv": [0, 0, 1, 0], "texture": "#2"},
				"down": {"uv": [0, 0, 1, 0], "texture": "#2"}
			}
		},
		{
			"from": [0.25, 1.5, 5],
			"to": [0.75, 2, 5.25],
			"faces": {
				"north": {"uv": [2, 3, 3, 4], "texture": "#2"},
				"east": {"uv": [9, 8, 10, 10], "texture": "#2"},
				"south": {"uv": [3, 1, 4, 2], "texture": "#2"},
				"west": {"uv": [4, 8, 5, 10], "texture": "#2"},
				"up": {"uv": [0, 0, 1, 1], "texture": "#2"},
				"down": {"uv": [0, 0, 1, 1], "texture": "#2"}
			}
		},
		{
			"from": [0.25, 2.25, 4.75],
			"to": [0.75, 2.75, 5],
			"faces": {
				"north": {"uv": [5, 2, 6, 3], "texture": "#2"},
				"east": {"uv": [5, 2, 5, 3], "texture": "#2"},
				"south": {"uv": [5, 2, 6, 3], "texture": "#2"},
				"west": {"uv": [9, 10, 10, 12], "texture": "#2"},
				"up": {"uv": [5, 2, 6, 2], "texture": "#2"},
				"down": {"uv": [5, 2, 6, 2], "texture": "#2"}
			}
		},
		{
			"from": [-0.5, 4.5, 7.5],
			"to": [1.5, 4.751, 7.75],
			"faces": {
				"north": {"uv": [6, 6, 9, 7], "texture": "#2"},
				"east": {"uv": [6, 6, 7, 7], "texture": "#2"},
				"south": {"uv": [6, 6, 9, 7], "texture": "#2"},
				"west": {"uv": [6, 6, 7, 7], "texture": "#2"},
				"up": {"uv": [6, 6, 9, 7], "texture": "#2"},
				"down": {"uv": [6, 6, 9, 7], "texture": "#2"}
			}
		},
		{
			"from": [-0.25, 4.25, 2.5],
			"to": [1.25, 4.75, 3.25],
			"faces": {
				"north": {"uv": [0, 0, 2, 1], "texture": "#2"},
				"east": {"uv": [0, 0, 1, 1], "texture": "#2"},
				"south": {"uv": [0, 0, 2, 1], "texture": "#2"},
				"west": {"uv": [0, 0, 1, 1], "texture": "#2"},
				"up": {"uv": [0, 0, 2, 1], "texture": "#2"},
				"down": {"uv": [0, 0, 2, 1], "texture": "#2"}
			}
		},
		{
			"from": [0.25, 4.25, 0],
			"to": [0.75, 4.75, 0.75],
			"faces": {
				"north": {"uv": [0, 0, 1, 1], "texture": "#2"},
				"east": {"uv": [0, 0, 1, 1], "texture": "#2"},
				"south": {"uv": [0, 0, 1, 1], "texture": "#2"},
				"west": {"uv": [0, 0, 1, 1], "texture": "#2"},
				"up": {"uv": [0, 0, 1, 1], "texture": "#2"},
				"down": {"uv": [0, 0, 1, 1], "texture": "#2"}
			}
		},
		{
			"from": [-0.25, 4.25, 5.25],
			"to": [1.25, 4.75, 8],
			"faces": {
				"north": {"uv": [0, 0, 2, 1], "texture": "#2"},
				"east": {"uv": [0, 0, 3, 1], "texture": "#2"},
				"south": {"uv": [0, 0, 2, 1], "texture": "#2"},
				"west": {"uv": [0, 0, 3, 1], "texture": "#2"},
				"up": {"uv": [0, 0, 2, 3], "texture": "#2"},
				"down": {"uv": [0, 0, 2, 3], "texture": "#2"}
			}
		},
		{
			"from": [0.25, 1.25, 5.25],
			"to": [0.75, 1.5, 5.5],
			"faces": {
				"north": {"uv": [6, 4, 8, 6], "texture": "#2"},
				"east": {"uv": [5, 6, 7, 7], "texture": "#2"},
				"south": {"uv": [6, 4, 8, 6], "texture": "#2"},
				"west": {"uv": [4, 8, 5, 9], "texture": "#2"},
				"up": {"uv": [6, 4, 8, 6], "texture": "#2"},
				"down": {"uv": [6, 4, 8, 6], "texture": "#2"}
			}
		},
		{
			"from": [0.25, 2.5, 3.5],
			"to": [0.75, 2.75, 3.75],
			"faces": {
				"north": {"uv": [8, 7, 9, 8], "texture": "#2"},
				"east": {"uv": [8, 7, 9, 8], "texture": "#2"},
				"south": {"uv": [8, 7, 9, 8], "texture": "#2"},
				"west": {"uv": [4, 8, 5, 9], "texture": "#2"},
				"up": {"uv": [5, 4, 6, 5], "texture": "#2"},
				"down": {"uv": [5, 4, 6, 5], "texture": "#2"}
			}
		},
		{
			"from": [0.25, 2, 4.5],
			"to": [0.75, 2.25, 4.75],
			"faces": {
				"north": {"uv": [8, 2, 9, 3], "texture": "#2"},
				"east": {"uv": [8, 2, 9, 3], "texture": "#2"},
				"south": {"uv": [8, 2, 9, 3], "texture": "#2"},
				"west": {"uv": [12, 10, 13, 12], "texture": "#2"},
				"up": {"uv": [8, 2, 9, 3], "texture": "#2"},
				"down": {"uv": [8, 2, 9, 3], "texture": "#2"}
			}
		},
		{
			"from": [0, 3.75, 0],
			"to": [1, 4.5, 8.5],
			"faces": {
				"north": {"uv": [0, 0, 1, 1], "texture": "#2"},
				"east": {"uv": [0, 0, 9, 1], "texture": "#2"},
				"south": {"uv": [0, 0, 1, 1], "texture": "#2"},
				"west": {"uv": [0, 0, 9, 1], "texture": "#2"},
				"up": {"uv": [0, 0, 1, 9], "texture": "#2"},
				"down": {"uv": [0, 0, 1, 9], "texture": "#2"}
			}
		},
		{
			"from": [-0.5, 3.25, 3.5],
			"to": [1.5, 4, 7.75],
			"faces": {
				"north": {"uv": [0, 0, 2, 1], "texture": "#2"},
				"east": {"uv": [0, 0, 4, 1], "texture": "#2"},
				"south": {"uv": [0, 0, 2, 1], "texture": "#2"},
				"west": {"uv": [0, 0, 4, 1], "texture": "#2"},
				"up": {"uv": [0, 0, 2, 4], "texture": "#2"},
				"down": {"uv": [0, 0, 2, 4], "texture": "#2"}
			}
		}
	],
	"gui_light": "front",
	"display": {
		"thirdperson_righthand": {
			"translation": [7.5, 6, 2]
		},
		"thirdperson_lefthand": {
			"translation": [-7.25, 5.75, 2]
		},
		"firstperson_righthand": {
			"rotation": [8, 12, 9],
			"translation": [12, 11, 0.75],
			"scale": [1.55469, 1.55469, 1.55469]
		},
		"firstperson_lefthand": {
			"rotation": [13.5, 18, 9],
			"translation": [-9.5, 5, 5],
			"scale": [1.70703, 1.70703, 1.70703]
		},
		"ground": {
			"translation": [11.25, 8.25, 2.75],
			"scale": [1.5, 1.5, 1.5]
		},
		"gui": {
			"rotation": [90, 60, -90],
			"translation": [10.5, 5.25, 0],
			"scale": [1.86, 1.86, 1.86]
		},
		"head": {
			"rotation": [86.92, -53.61, 90.06],
			"translation": [-10, 20.75, 16.25],
			"scale": [2.27148, 2.27148, 2.27148]
		},
		"fixed": {
			"rotation": [90, -60, 90],
			"translation": [-10.5, 6.5, 13],
			"scale": [2.04492, 2.04492, 2.04492]
		}
	},
	"groups": [
		{
			"name": "handle",
			"origin": [8, 8, 8],
			"color": 0,
			"children": [0, 1, 2, 3]
		},
		{
			"name": "barrel",
			"origin": [8, 8, 8],
			"color": 0,
			"children": [4, 5, 6, 7, 8, 9, 10, 11, 12, 13, 14, 15, 16, 17, 18, 19, 20]
		}
	]
}