{
	"credit": "Made with Blockbench",
	"texture_size": [32, 32],
	"textures": {
		"0": "custom/radar",
		"1": "block/gray_concrete",
		"particle": "custom/radar"
	},
	"elements": [
		{
			"name": "radar",
			"from": [0, 0.75, 0],
			"to": [8, 1.25, 8],
			"faces": {
				"north": {"uv": [0, 0, 3, 0.625], "texture": "#0"},
				"east": {"uv": [0, 0, 2.875, 0.625], "texture": "#0"},
				"south": {"uv": [0, 0, 3, 0.625], "texture": "#0"},
				"west": {"uv": [0, 0, 2.875, 0.625], "texture": "#0"},
				"up": {"uv": [0, 0, 16, 16], "texture": "#0"},
				"down": {"uv": [0, 0, 1.5, 1.875], "texture": "#0"}
			}
		},
		{
			"from": [1.5, 0.25, 0.5],
			"to": [6.5, 1, 7.5],
			"faces": {
				"north": {"uv": [3, 2, 6.5, 3.375], "texture": "#1"},
				"east": {"uv": [3, 2, 7.5, 3.375], "texture": "#1"},
				"south": {"uv": [3, 2, 6.5, 3.375], "texture": "#1"},
				"west": {"uv": [3, 2, 7.5, 3.375], "texture": "#1"},
				"up": {"uv": [3, 2, 7.5, 5.5], "rotation": 90, "texture": "#1"},
				"down": {"uv": [3, 2, 7.5, 5.5], "rotation": 270, "texture": "#1"}
			}
		},
		{
			"from": [2.5, 0.25, 0],
			"to": [5.5, 1, 8],
			"faces": {
				"north": {"uv": [3, 2, 5.5, 3.375], "texture": "#1"},
				"east": {"uv": [3, 2, 8, 3.375], "texture": "#1"},
				"south": {"uv": [3, 2, 5.5, 3.375], "texture": "#1"},
				"west": {"uv": [3, 2, 8, 3.375], "texture": "#1"},
				"up": {"uv": [3, 2, 8, 4.5], "rotation": 90, "texture": "#1"},
				"down": {"uv": [3, 2, 8, 4.5], "rotation": 270, "texture": "#1"}
			}
		},
		{
			"from": [0.5, 0.25, 1.5],
			"to": [7.5, 1, 6.5],
			"faces": {
				"north": {"uv": [3, 2, 7.5, 3.375], "texture": "#1"},
				"east": {"uv": [3, 2, 6.5, 3.375], "texture": "#1"},
				"south": {"uv": [3, 2, 7.5, 3.375], "texture": "#1"},
				"west": {"uv": [3, 2, 6.5, 3.375], "texture": "#1"},
				"up": {"uv": [3, 2, 7.5, 5.5], "texture": "#1"},
				"down": {"uv": [3, 2, 7.5, 5.5], "texture": "#1"}
			}
		},
		{
			"from": [0, 0.25, 2.5],
			"to": [8, 1, 5.5],
			"faces": {
				"north": {"uv": [3, 2, 8, 3.375], "texture": "#1"},
				"east": {"uv": [3, 2, 5.5, 3.375], "texture": "#1"},
				"south": {"uv": [3, 2, 8, 3.375], "texture": "#1"},
				"west": {"uv": [3, 2, 5.5, 3.375], "texture": "#1"},
				"up": {"uv": [3, 2, 8, 4.5], "texture": "#1"},
				"down": {"uv": [3, 2, 8, 4.5], "texture": "#1"}
			}
		},
		{
			"from": [2.5, 1, 0],
			"to": [5.5, 1.5, 0.5],
			"faces": {
				"north": {"uv": [6, 3, 10.5, 7.25], "texture": "#1"},
				"east": {"uv": [6, 3, 9.25, 7.25], "texture": "#1"},
				"south": {"uv": [6, 3, 10.5, 7.25], "texture": "#1"},
				"west": {"uv": [6, 3, 9.25, 7.25], "texture": "#1"},
				"up": {"uv": [6, 3, 10.5, 7.25], "texture": "#1"},
				"down": {"uv": [6, 3, 10.5, 7.25], "texture": "#1"}
			}
		},
		{
			"from": [2.5, 1, 7.5],
			"to": [5.5, 1.5, 8],
			"faces": {
				"north": {"uv": [6, 3, 10.5, 7.25], "texture": "#1"},
				"east": {"uv": [6, 3, 9.25, 7.25], "texture": "#1"},
				"south": {"uv": [6, 3, 10.5, 7.25], "texture": "#1"},
				"west": {"uv": [6, 3, 9.25, 7.25], "texture": "#1"},
				"up": {"uv": [6, 3, 10.5, 7.25], "texture": "#1"},
				"down": {"uv": [6, 3, 10.5, 7.25], "texture": "#1"}
			}
		},
		{
			"from": [0, 1, 2.5],
			"to": [0.5, 1.5, 5.5],
			"faces": {
				"north": {"uv": [6, 3, 9.25, 7.25], "texture": "#1"},
				"east": {"uv": [6, 3, 10.5, 7.25], "texture": "#1"},
				"south": {"uv": [6, 3, 9.25, 7.25], "texture": "#1"},
				"west": {"uv": [6, 3, 10.5, 7.25], "texture": "#1"},
				"up": {"uv": [6, 3, 10.5, 7.25], "rotation": 90, "texture": "#1"},
				"down": {"uv": [6, 3, 10.5, 7.25], "rotation": 270, "texture": "#1"}
			}
		},
		{
			"from": [7.5, 1, 2.5],
			"to": [8, 1.5, 5.5],
			"faces": {
				"north": {"uv": [6, 3, 9.25, 7.25], "texture": "#1"},
				"east": {"uv": [6, 3, 10.5, 7.25], "texture": "#1"},
				"south": {"uv": [6, 3, 9.25, 7.25], "texture": "#1"},
				"west": {"uv": [6, 3, 10.5, 7.25], "texture": "#1"},
				"up": {"uv": [6, 3, 10.5, 7.25], "rotation": 90, "texture": "#1"},
				"down": {"uv": [6, 3, 10.5, 7.25], "rotation": 270, "texture": "#1"}
			}
		},
		{
			"from": [7, 1, 5.5],
			"to": [7.5, 1.5, 6.5],
			"faces": {
				"north": {"uv": [6, 3, 9.25, 7.25], "texture": "#1"},
				"east": {"uv": [6, 3, 9.5, 7.25], "texture": "#1"},
				"south": {"uv": [6, 3, 9.25, 7.25], "texture": "#1"},
				"west": {"uv": [6, 3, 9.5, 7.25], "texture": "#1"},
				"up": {"uv": [6, 3, 9.5, 7.25], "rotation": 90, "texture": "#1"},
				"down": {"uv": [6, 3, 9.5, 7.25], "rotation": 270, "texture": "#1"}
			}
		},
		{
			"from": [7, 1, 1.5],
			"to": [7.5, 1.5, 2.5],
			"faces": {
				"north": {"uv": [6, 3, 9.25, 7.25], "texture": "#1"},
				"east": {"uv": [6, 3, 9.5, 7.25], "texture": "#1"},
				"south": {"uv": [6, 3, 9.25, 7.25], "texture": "#1"},
				"west": {"uv": [6, 3, 9.5, 7.25], "texture": "#1"},
				"up": {"uv": [6, 3, 9.5, 7.25], "rotation": 90, "texture": "#1"},
				"down": {"uv": [6, 3, 9.5, 7.25], "rotation": 270, "texture": "#1"}
			}
		},
		{
			"from": [0.5, 1, 1.5],
			"to": [1, 1.5, 2.5],
			"faces": {
				"north": {"uv": [6, 3, 9.25, 7.25], "texture": "#1"},
				"east": {"uv": [6, 3, 9.5, 7.25], "texture": "#1"},
				"south": {"uv": [6, 3, 9.25, 7.25], "texture": "#1"},
				"west": {"uv": [6, 3, 9.5, 7.25], "texture": "#1"},
				"up": {"uv": [6, 3, 9.5, 7.25], "rotation": 90, "texture": "#1"},
				"down": {"uv": [6, 3, 9.5, 7.25], "rotation": 270, "texture": "#1"}
			}
		},
		{
			"from": [0.5, 1, 5.5],
			"to": [1, 1.5, 6.5],
			"faces": {
				"north": {"uv": [6, 3, 9.25, 7.25], "texture": "#1"},
				"east": {"uv": [6, 3, 9.5, 7.25], "texture": "#1"},
				"south": {"uv": [6, 3, 9.25, 7.25], "texture": "#1"},
				"west": {"uv": [6, 3, 9.5, 7.25], "texture": "#1"},
				"up": {"uv": [6, 3, 9.5, 7.25], "rotation": 90, "texture": "#1"},
				"down": {"uv": [6, 3, 9.5, 7.25], "rotation": 270, "texture": "#1"}
			}
		},
		{
			"from": [5.5, 1, 7],
			"to": [6.5, 1.5, 7.5],
			"faces": {
				"north": {"uv": [6, 3, 9.5, 7.25], "texture": "#1"},
				"east": {"uv": [6, 3, 9.25, 7.25], "texture": "#1"},
				"south": {"uv": [6, 3, 9.5, 7.25], "texture": "#1"},
				"west": {"uv": [6, 3, 9.25, 7.25], "texture": "#1"},
				"up": {"uv": [6, 3, 9.5, 7.25], "texture": "#1"},
				"down": {"uv": [6, 3, 9.5, 7.25], "texture": "#1"}
			}
		},
		{
			"from": [5.5, 1, 0.5],
			"to": [6.5, 1.5, 1],
			"faces": {
				"north": {"uv": [6, 3, 9.5, 7.25], "texture": "#1"},
				"east": {"uv": [6, 3, 9.25, 7.25], "texture": "#1"},
				"south": {"uv": [6, 3, 9.5, 7.25], "texture": "#1"},
				"west": {"uv": [6, 3, 9.25, 7.25], "texture": "#1"},
				"up": {"uv": [6, 3, 9.5, 7.25], "texture": "#1"},
				"down": {"uv": [6, 3, 9.5, 7.25], "texture": "#1"}
			}
		},
		{
			"from": [1.5, 1, 0.5],
			"to": [2.5, 1.5, 1],
			"faces": {
				"north": {"uv": [6, 3, 9.5, 7.25], "texture": "#1"},
				"east": {"uv": [6, 3, 9.25, 7.25], "texture": "#1"},
				"south": {"uv": [6, 3, 9.5, 7.25], "texture": "#1"},
				"west": {"uv": [6, 3, 9.25, 7.25], "texture": "#1"},
				"up": {"uv": [6, 3, 9.5, 7.25], "texture": "#1"},
				"down": {"uv": [6, 3, 9.5, 7.25], "texture": "#1"}
			}
		},
		{
			"from": [1, 0.25, 1],
			"to": [1.5, 1.5, 1.5],
			"faces": {
				"north": {"uv": [6, 3, 9.25, 7.625], "texture": "#1"},
				"east": {"uv": [6, 3, 9.25, 7.625], "texture": "#1"},
				"south": {"uv": [6, 3, 9.25, 7.625], "texture": "#1"},
				"west": {"uv": [6, 3, 9.25, 7.625], "texture": "#1"},
				"up": {"uv": [6, 3, 9.25, 7.25], "texture": "#1"},
				"down": {"uv": [6, 3, 9.25, 7.25], "texture": "#1"}
			}
		},
		{
			"from": [1, 0.25, 6.5],
			"to": [1.5, 1.5, 7],
			"faces": {
				"north": {"uv": [6, 3, 9.25, 7.625], "texture": "#1"},
				"east": {"uv": [6, 3, 9.25, 7.625], "texture": "#1"},
				"south": {"uv": [6, 3, 9.25, 7.625], "texture": "#1"},
				"west": {"uv": [6, 3, 9.25, 7.625], "texture": "#1"},
				"up": {"uv": [6, 3, 9.25, 7.25], "texture": "#1"},
				"down": {"uv": [6, 3, 9.25, 7.25], "texture": "#1"}
			}
		},
		{
			"from": [6.5, 0.25, 6.5],
			"to": [7, 1.5, 7],
			"faces": {
				"north": {"uv": [6, 3, 9.25, 7.625], "texture": "#1"},
				"east": {"uv": [6, 3, 9.25, 7.625], "texture": "#1"},
				"south": {"uv": [6, 3, 9.25, 7.625], "texture": "#1"},
				"west": {"uv": [6, 3, 9.25, 7.625], "texture": "#1"},
				"up": {"uv": [6, 3, 9.25, 7.25], "texture": "#1"},
				"down": {"uv": [6, 3, 9.25, 7.25], "texture": "#1"}
			}
		},
		{
			"from": [6.5, 0.25, 1],
			"to": [7, 1.5, 1.5],
			"faces": {
				"north": {"uv": [6, 3, 9.25, 7.625], "texture": "#1"},
				"east": {"uv": [6, 3, 9.25, 7.625], "texture": "#1"},
				"south": {"uv": [6, 3, 9.25, 7.625], "texture": "#1"},
				"west": {"uv": [6, 3, 9.25, 7.625], "texture": "#1"},
				"up": {"uv": [6, 3, 9.25, 7.25], "texture": "#1"},
				"down": {"uv": [6, 3, 9.25, 7.25], "texture": "#1"}
			}
		},
		{
			"from": [1.5, 1, 7],
			"to": [2.5, 1.5, 7.5],
			"faces": {
				"north": {"uv": [6, 3, 9.5, 7.25], "texture": "#1"},
				"east": {"uv": [6, 3, 9.25, 7.25], "texture": "#1"},
				"south": {"uv": [6, 3, 9.5, 7.25], "texture": "#1"},
				"west": {"uv": [6, 3, 9.25, 7.25], "texture": "#1"},
				"up": {"uv": [6, 3, 9.5, 7.25], "texture": "#1"},
				"down": {"uv": [6, 3, 9.5, 7.25], "texture": "#1"}
			}
		}
	],
	"gui_light": "front",
	"display": {
		"thirdperson_righthand": {
			"rotation": [107.5, 0, 0],
			"translation": [3, -1.75, 5],
			"scale": [0.75, 0.75, 0.75]
		},
		"thirdperson_lefthand": {
			"rotation": [107.5, 0, 0],
			"translation": [-3, -1.75, 5],
			"scale": [0.75, 0.75, 0.75]
		},
		"firstperson_righthand": {
			"rotation": [59.75, 0, 0],
			"translation": [10, 1.25, 4],
			"scale": [1.5, 1.5, 1.5]
		},
		"firstperson_lefthand": {
			"rotation": [69, 1, 4],
			"translation": [2, -2.5, 2],
			"scale": [1.5, 1.5, 1.5]
		},
		"ground": {
			"translation": [3.75, 3.75, 4]
		},
		"gui": {
			"rotation": [90, 0, 0],
			"translation": [6, -6, 0],
			"scale": [1.5, 1.5, 1.5]
		},
		"head": {
			"rotation": [90, 0, -180],
			"translation": [-5.75, 6.5, -10.75],
			"scale": [1.5, 1.5, 1.5]
		},
		"fixed": {
			"rotation": [-90, 0, 0],
			"translation": [8, 8.5, -15.5],
			"scale": [2, 2, 2]
		}
	},
	"groups": [
		0,
		{
			"name": "back",
			"origin": [0, 0, 0],
			"color": 0,
			"children": [1, 2, 3, 4]
		},
		{
			"name": "side",
			"origin": [0, 0, 0],
			"color": 0,
			"children": [5, 6, 7, 8, 9, 10, 11, 12, 13, 14, 15, 16, 17, 18, 19, 20]
		}
	]
}