{
  "parent": "item/generated",
  "textures": {
    "layer0": "item/gunpowder"
  },
  "overrides": [
 {"predicate": {"custom_model_data":1  }, "model": "item/ability/rudolf_icon"},
 {"predicate": {"custom_model_data":2  }, "model": "item/ability/rudolf_not_icon"},
 {"predicate": {"custom_model_data":3  }, "model": "item/ability/snowman_icon"},
 {"predicate": {"custom_model_data":4  }, "model": "item/ability/snowman_not_icon"},
 {"predicate": {"custom_model_data":5  }, "model": "item/ability/snowrabbit_icon"},
 {"predicate": {"custom_model_data":6  }, "model": "item/ability/snowrabbit_not_icon"},
 {"predicate": {"custom_model_data":7  }, "model": "item/ability/nightmare_icon"},
 {"predicate": {"custom_model_data":8  }, "model": "item/ability/nightmare_not_icon"},
 {"predicate": {"custom_model_data":9  }, "model": "item/ability/santa_icon"},
 {"predicate": {"custom_model_data":10 }, "model": "item/ability/santa_not_icon"},
 {"predicate": {"custom_model_data":11 }, "model": "item/ability/tree_icon"},
 {"predicate": {"custom_model_data":12 }, "model": "item/ability/tree_not_icon"},
 {"predicate": {"custom_model_data":13 }, "model": "item/ability/crybaby_icon"},
 {"predicate": {"custom_model_data":14 }, "model": "item/ability/crybaby_not_icon"},
 {"predicate": {"custom_model_data":15 }, "model": "item/ability/snowstorm_icon"},
 {"predicate": {"custom_model_data":16 }, "model": "item/ability/snowstorm_not_icon"},
 {"predicate": {"custom_model_data":17 }, "model": "item/ability/gnome_icon"},
 {"predicate": {"custom_model_data":18 }, "model": "item/ability/gnome_not_icon"},
 {"predicate": {"custom_model_data":19 }, "model": "item/ability/hunter_icon"},
 {"predicate": {"custom_model_data":20 }, "model": "item/ability/hunter_not_icon"},
 {"predicate": {"custom_model_data":21 }, "model": "item/ability/penguin_icon"},
 {"predicate": {"custom_model_data":22 }, "model": "item/ability/penguin_not_icon"},
 {"predicate": {"custom_model_data":23 }, "model": "item/ability/scrooge_icon"},
 {"predicate": {"custom_model_data":24 }, "model": "item/ability/scrooge_not_icon"}
 ]
}