{
  "parent": "item/generated",
  "overrides": [
 {"predicate": {"custom_model_data":1   }, "model": "item/gui/base_1" },
 {"predicate": {"custom_model_data":2   }, "model": "item/gui/base_2" },
 {"predicate": {"custom_model_data":3   }, "model": "item/gui/base_3" },
 {"predicate": {"custom_model_data":11  }, "model": "item/gui/job_icon_1" },
 {"predicate": {"custom_model_data":12  }, "model": "item/gui/job_icon_2" },
 {"predicate": {"custom_model_data":13  }, "model": "item/gui/job_icon_3" },
 {"predicate": {"custom_model_data":14  }, "model": "item/gui/job_icon_4" },
 {"predicate": {"custom_model_data":15  }, "model": "item/gui/job_icon_5" },
 {"predicate": {"custom_model_data":16  }, "model": "item/gui/job_icon_6" },
 {"predicate": {"custom_model_data":17  }, "model": "item/gui/job_icon_7" },
 {"predicate": {"custom_model_data":18  }, "model": "item/gui/job_icon_8" },
 {"predicate": {"custom_model_data":19  }, "model": "item/gui/job_icon_9" },
 {"predicate": {"custom_model_data":20  }, "model": "item/gui/job_icon_10" },
 {"predicate": {"custom_model_data":21  }, "model": "item/gui/job_icon_11" },
 {"predicate": {"custom_model_data":22  }, "model": "item/gui/job_icon_12" },
 {"predicate": {"custom_model_data":23  }, "model": "item/gui/job_icon_spectator"},
 {"predicate": {"custom_model_data":101 }, "model": "item/gui/seek_skin_basic"},
 {"predicate": {"custom_model_data":102 }, "model": "item/gui/seek_skin_1_lock"},
 {"predicate": {"custom_model_data":103 }, "model": "item/gui/seek_skin_1"},
 {"predicate": {"custom_model_data":104 }, "model": "item/gui/seek_skin_2_lock"},
 {"predicate": {"custom_model_data":105 }, "model": "item/gui/seek_skin_2"},
 {"predicate": {"custom_model_data":106 }, "model": "item/gui/seek_skin_3_lock"},
 {"predicate": {"custom_model_data":107 }, "model": "item/gui/seek_skin_3"},
 {"predicate": {"custom_model_data":108 }, "model": "item/gui/seek_skin_4_lock"},
 {"predicate": {"custom_model_data":109 }, "model": "item/gui/seek_skin_4"},
 {"predicate": {"custom_model_data":110 }, "model": "item/gui/seek_skin_5_lock"},
 {"predicate": {"custom_model_data":111 }, "model": "item/gui/seek_skin_5"},
 {"predicate": {"custom_model_data":112 }, "model": "item/gui/seek_skin_6_lock"},
 {"predicate": {"custom_model_data":113 }, "model": "item/gui/seek_skin_6"},
 {"predicate": {"custom_model_data":114 }, "model": "item/gui/seek_skin_7_lock"},
 {"predicate": {"custom_model_data":115 }, "model": "item/gui/seek_skin_7"},
 {"predicate": {"custom_model_data":116 }, "model": "item/gui/seek_skin_8_lock"},
 {"predicate": {"custom_model_data":117 }, "model": "item/gui/seek_skin_8"},
 {"predicate": {"custom_model_data":118 }, "model": "item/gui/seek_skin_9_lock"},
 {"predicate": {"custom_model_data":119 }, "model": "item/gui/seek_skin_9"},
 {"predicate": {"custom_model_data":120 }, "model": "item/gui/seek_skin_10_lock"},
 {"predicate": {"custom_model_data":121 }, "model": "item/gui/seek_skin_10"},
 {"predicate": {"custom_model_data":122 }, "model": "item/gui/seek_skin_11_lock"},
 {"predicate": {"custom_model_data":123 }, "model": "item/gui/seek_skin_11"},
 {"predicate": {"custom_model_data":124 }, "model": "item/gui/seek_skin_12_lock"},
 {"predicate": {"custom_model_data":125 }, "model": "item/gui/seek_skin_12"},
 {"predicate": {"custom_model_data":199 }, "model": "item/gui/seek_weapon_invisible"},
 {"predicate": {"custom_model_data":200 }, "model": "item/gui/seek_weapon"},
 {"predicate": {"custom_model_data":201 }, "model": "item/gui/hide_skin_basic"},
 {"predicate": {"custom_model_data":202 }, "model": "item/gui/hide_skin_1_lock"},
 {"predicate": {"custom_model_data":203 }, "model": "item/gui/hide_skin_1"},
 {"predicate": {"custom_model_data":204 }, "model": "item/gui/hide_skin_2_lock"},
 {"predicate": {"custom_model_data":205 }, "model": "item/gui/hide_skin_2"},
 {"predicate": {"custom_model_data":206 }, "model": "item/gui/hide_skin_3_lock"},
 {"predicate": {"custom_model_data":207 }, "model": "item/gui/hide_skin_3"},
 {"predicate": {"custom_model_data":208 }, "model": "item/gui/hide_skin_4_lock"},
 {"predicate": {"custom_model_data":209 }, "model": "item/gui/hide_skin_4"},
 {"predicate": {"custom_model_data":210 }, "model": "item/gui/hide_skin_5_lock"},
 {"predicate": {"custom_model_data":211 }, "model": "item/gui/hide_skin_5"},
 {"predicate": {"custom_model_data":212 }, "model": "item/gui/hide_skin_6_lock"},
 {"predicate": {"custom_model_data":213 }, "model": "item/gui/hide_skin_6"},
 {"predicate": {"custom_model_data":214 }, "model": "item/gui/hide_skin_7_lock"},
 {"predicate": {"custom_model_data":215 }, "model": "item/gui/hide_skin_7"},
 {"predicate": {"custom_model_data":216 }, "model": "item/gui/hide_skin_8_lock"},
 {"predicate": {"custom_model_data":217 }, "model": "item/gui/hide_skin_8"},
 {"predicate": {"custom_model_data":301 }, "model": "item/gui/have_gold_1"},
 {"predicate": {"custom_model_data":302 }, "model": "item/gui/have_gold_2"},
 {"predicate": {"custom_model_data":303 }, "model": "item/gui/have_gold_3"},
 {"predicate": {"custom_model_data":304 }, "model": "item/gui/have_gold_4"},
 {"predicate": {"custom_model_data":305 }, "model": "item/gui/have_gold_5"},
 {"predicate": {"custom_model_data":306 }, "model": "item/gui/have_gold_6"},
 {"predicate": {"custom_model_data":1001 }, "model": "item/advancement/root_1/victory_1"},
 {"predicate": {"custom_model_data":1002 }, "model": "item/advancement/root_1/victory_2"},
 {"predicate": {"custom_model_data":1003 }, "model": "item/advancement/root_1/victory_3"},
 {"predicate": {"custom_model_data":1004 }, "model": "item/advancement/root_1/victory_4"},
 {"predicate": {"custom_model_data":1005 }, "model": "item/advancement/root_1/victory_5"},
 {"predicate": {"custom_model_data":1006 }, "model": "item/advancement/root_1/hit_1"},
 {"predicate": {"custom_model_data":1007 }, "model": "item/advancement/root_1/hit_2"},
 {"predicate": {"custom_model_data":1008 }, "model": "item/advancement/root_1/hit_3"},
 {"predicate": {"custom_model_data":1009 }, "model": "item/advancement/root_1/hit_4"},
 {"predicate": {"custom_model_data":1010 }, "model": "item/advancement/root_1/hit_5"},
 {"predicate": {"custom_model_data":1011 }, "model": "item/advancement/root_1/tag_bomb_1"},
 {"predicate": {"custom_model_data":1012 }, "model": "item/advancement/root_1/tag_bomb_2"},
 {"predicate": {"custom_model_data":1013 }, "model": "item/advancement/root_1/tag_bomb_3"},
 {"predicate": {"custom_model_data":1014 }, "model": "item/advancement/root_1/tag_bomb_4"},
 {"predicate": {"custom_model_data":1015 }, "model": "item/advancement/root_1/tag_bomb_5"},
 {"predicate": {"custom_model_data":1016 }, "model": "item/advancement/root_1/skin_buy_1"},
 {"predicate": {"custom_model_data":1017 }, "model": "item/advancement/root_1/skin_buy_2"},
 {"predicate": {"custom_model_data":1018 }, "model": "item/advancement/root_1/skin_buy_3"},
 {"predicate": {"custom_model_data":1019 }, "model": "item/advancement/root_1/skin_buy_4"},
 {"predicate": {"custom_model_data":1020 }, "model": "item/advancement/root_1/skin_buy_5"},
 {"predicate": {"custom_model_data":1021 }, "model": "item/advancement/root_1/skin_hide_1"},
 {"predicate": {"custom_model_data":1022 }, "model": "item/advancement/root_1/skin_hide_2"},
 {"predicate": {"custom_model_data":1023 }, "model": "item/advancement/root_1/skin_seek_1"},
 {"predicate": {"custom_model_data":1024 }, "model": "item/advancement/root_1/skin_seek_2"},
 {"predicate": {"custom_model_data":1025 }, "model": "item/advancement/root_1/skin_seek_3"}
 ]
}