{
  "parent": "item/generated",
  "overrides": [
 {"predicate": {"custom_model_data":1  }, "model": "item/skin/head_1" },
 {"predicate": {"custom_model_data":2  }, "model": "item/skin/head_2" },
 {"predicate": {"custom_model_data":3  }, "model": "item/skin/head_3" },
 {"predicate": {"custom_model_data":4  }, "model": "item/skin/head_4" },
 {"predicate": {"custom_model_data":5  }, "model": "item/skin/head_5" },
 {"predicate": {"custom_model_data":6  }, "model": "item/skin/head_6" },
 {"predicate": {"custom_model_data":7  }, "model": "item/skin/head_7" },
 {"predicate": {"custom_model_data":8  }, "model": "item/skin/head_8" },
 {"predicate": {"custom_model_data":9  }, "model": "item/skin/head_9" },
 {"predicate": {"custom_model_data":10 }, "model": "item/skin/head_10"},
 {"predicate": {"custom_model_data":11 }, "model": "item/skin/head_11"},
 {"predicate": {"custom_model_data":12 }, "model": "item/skin/head_12"},
 {"predicate": {"custom_model_data":13 }, "model": "item/skin/head_13"}
 ]
}