{
	"credit": "Made with Blockbench",
	"texture_size": [32, 32],
	"textures": {
		"0": "custom/3dbook",
		"particle": "custom/3dbook"
	},
	"elements": [
		{
			"from": [6, 0, 0],
			"to": [10, 12, 12],
			"faces": {
				"north": {"uv": [6, 0, 8, 6], "texture": "#0"},
				"east": {"uv": [0, 0, 6, 6], "texture": "#0"},
				"south": {"uv": [6, 6, 8, 12], "texture": "#0"},
				"west": {"uv": [0, 6, 6, 12], "texture": "#0"},
				"up": {"uv": [10, 6, 8, 0], "texture": "#0"},
				"down": {"uv": [10, 6, 8, 12], "texture": "#0"}
			}
		}
	],
	"display": {
		"thirdperson_righthand": {
			"rotation": [0, 180, 0],
			"translation": [0, 0, -2.5],
			"scale": [0.75, 0.75, 0.75]
		},
		"ground": {
			"rotation": [0, 0, 90],
			"translation": [0, -2, 0],
			"scale": [0.75, 0.75, 0.75]
		},
		"gui": {
			"rotation": [22.5, 45, 0],
			"translation": [1.5, 1.25, 0]
		}
	}
}