{
	"credit": "Made with Blockbench",
	"textures": {
		"0": "block/gold_block",
		"2": "block/iron_block",
		"3": "block/bell_side",
		"particle": "block/gold_block"
	},
	"elements": [
		{
			"from": [4, 5, 7],
			"to": [5, 6, 9],
			"faces": {
				"north": {"uv": [3, 5, 4, 6], "texture": "#3"},
				"east": {"uv": [3, 5, 5, 6], "texture": "#3"},
				"south": {"uv": [3, 5, 4, 6], "texture": "#3"},
				"west": {"uv": [3, 5, 5, 6], "texture": "#3"},
				"up": {"uv": [3, 5, 4, 7], "texture": "#3"},
				"down": {"uv": [3, 5, 4, 7], "texture": "#3"}
			}
		},
		{
			"from": [4, 2, 6],
			"to": [5, 4, 7],
			"faces": {
				"north": {"uv": [3, 5, 4, 7], "texture": "#3"},
				"east": {"uv": [3, 5, 4, 7], "texture": "#3"},
				"south": {"uv": [3, 5, 4, 7], "texture": "#3"},
				"west": {"uv": [3, 5, 4, 7], "texture": "#3"},
				"up": {"uv": [3, 5, 4, 6], "texture": "#3"},
				"down": {"uv": [3, 5, 4, 6], "texture": "#3"}
			}
		},
		{
			"from": [4, 2, 8],
			"to": [5, 4, 9],
			"faces": {
				"north": {"uv": [3, 5, 4, 7], "texture": "#3"},
				"east": {"uv": [3, 5, 4, 7], "texture": "#3"},
				"south": {"uv": [3, 5, 4, 7], "texture": "#3"},
				"west": {"uv": [3, 5, 4, 7], "texture": "#3"},
				"up": {"uv": [3, 5, 4, 6], "texture": "#3"},
				"down": {"uv": [3, 5, 4, 6], "texture": "#3"}
			}
		},
		{
			"from": [4, 3, 7],
			"to": [5, 4, 8],
			"faces": {
				"north": {"uv": [3, 5, 4, 6], "texture": "#3"},
				"east": {"uv": [3, 5, 4, 6], "texture": "#3"},
				"south": {"uv": [3, 5, 4, 6], "texture": "#3"},
				"west": {"uv": [3, 5, 4, 6], "texture": "#3"},
				"up": {"uv": [3, 5, 4, 6], "texture": "#3"},
				"down": {"uv": [3, 5, 4, 6], "texture": "#3"}
			}
		},
		{
			"from": [4, 4, 6],
			"to": [5, 6, 7],
			"faces": {
				"north": {"uv": [3, 5, 4, 7], "texture": "#3"},
				"east": {"uv": [3, 5, 4, 7], "texture": "#3"},
				"south": {"uv": [3, 5, 4, 7], "texture": "#3"},
				"west": {"uv": [3, 5, 4, 7], "texture": "#3"},
				"up": {"uv": [3, 5, 4, 6], "texture": "#3"},
				"down": {"uv": [3, 5, 4, 6], "texture": "#3"}
			}
		},
		{
			"from": [4, 3, 5],
			"to": [5, 5, 6],
			"faces": {
				"north": {"uv": [3, 5, 4, 7], "texture": "#3"},
				"east": {"uv": [3, 5, 4, 7], "texture": "#3"},
				"south": {"uv": [3, 5, 4, 7], "texture": "#3"},
				"west": {"uv": [3, 5, 4, 7], "texture": "#3"},
				"up": {"uv": [3, 5, 4, 6], "texture": "#3"},
				"down": {"uv": [3, 5, 4, 6], "texture": "#3"}
			}
		},
		{
			"from": [7, 5, 9],
			"to": [9, 6, 10],
			"faces": {
				"north": {"uv": [3, 5, 5, 6], "texture": "#3"},
				"east": {"uv": [3, 5, 4, 6], "texture": "#3"},
				"south": {"uv": [3, 5, 5, 6], "texture": "#3"},
				"west": {"uv": [3, 5, 4, 6], "texture": "#3"},
				"up": {"uv": [3, 5, 4, 7], "rotation": 270, "texture": "#3"},
				"down": {"uv": [3, 5, 4, 7], "rotation": 90, "texture": "#3"}
			}
		},
		{
			"from": [6, 2, 9],
			"to": [7, 4, 10],
			"faces": {
				"north": {"uv": [3, 5, 4, 7], "texture": "#3"},
				"east": {"uv": [3, 5, 4, 7], "texture": "#3"},
				"south": {"uv": [3, 5, 4, 7], "texture": "#3"},
				"west": {"uv": [3, 5, 4, 7], "texture": "#3"},
				"up": {"uv": [3, 5, 4, 6], "rotation": 270, "texture": "#3"},
				"down": {"uv": [3, 5, 4, 6], "rotation": 90, "texture": "#3"}
			}
		},
		{
			"from": [8, 2, 9],
			"to": [9, 4, 10],
			"faces": {
				"north": {"uv": [3, 5, 4, 7], "texture": "#3"},
				"east": {"uv": [3, 5, 4, 7], "texture": "#3"},
				"south": {"uv": [3, 5, 4, 7], "texture": "#3"},
				"west": {"uv": [3, 5, 4, 7], "texture": "#3"},
				"up": {"uv": [3, 5, 4, 6], "rotation": 270, "texture": "#3"},
				"down": {"uv": [3, 5, 4, 6], "rotation": 90, "texture": "#3"}
			}
		},
		{
			"from": [7, 3, 9],
			"to": [8, 4, 10],
			"faces": {
				"north": {"uv": [3, 5, 4, 6], "texture": "#3"},
				"east": {"uv": [3, 5, 4, 6], "texture": "#3"},
				"south": {"uv": [3, 5, 4, 6], "texture": "#3"},
				"west": {"uv": [3, 5, 4, 6], "texture": "#3"},
				"up": {"uv": [3, 5, 4, 6], "rotation": 270, "texture": "#3"},
				"down": {"uv": [3, 5, 4, 6], "rotation": 90, "texture": "#3"}
			}
		},
		{
			"from": [6, 4, 9],
			"to": [7, 6, 10],
			"faces": {
				"north": {"uv": [3, 5, 4, 7], "texture": "#3"},
				"east": {"uv": [3, 5, 4, 7], "texture": "#3"},
				"south": {"uv": [3, 5, 4, 7], "texture": "#3"},
				"west": {"uv": [3, 5, 4, 7], "texture": "#3"},
				"up": {"uv": [3, 5, 4, 6], "rotation": 270, "texture": "#3"},
				"down": {"uv": [3, 5, 4, 6], "rotation": 90, "texture": "#3"}
			}
		},
		{
			"from": [5, 3, 9],
			"to": [6, 5, 10],
			"faces": {
				"north": {"uv": [3, 5, 4, 7], "texture": "#3"},
				"east": {"uv": [3, 5, 4, 7], "texture": "#3"},
				"south": {"uv": [3, 5, 4, 7], "texture": "#3"},
				"west": {"uv": [3, 5, 4, 7], "texture": "#3"},
				"up": {"uv": [3, 5, 4, 6], "rotation": 270, "texture": "#3"},
				"down": {"uv": [3, 5, 4, 6], "rotation": 90, "texture": "#3"}
			}
		},
		{
			"from": [9, 5, 5],
			"to": [10, 6, 7],
			"faces": {
				"north": {"uv": [3, 5, 4, 6], "texture": "#3"},
				"east": {"uv": [3, 5, 5, 6], "texture": "#3"},
				"south": {"uv": [3, 5, 4, 6], "texture": "#3"},
				"west": {"uv": [3, 5, 5, 6], "texture": "#3"},
				"up": {"uv": [3, 5, 4, 7], "rotation": 180, "texture": "#3"},
				"down": {"uv": [3, 5, 4, 7], "rotation": 180, "texture": "#3"}
			}
		},
		{
			"from": [9, 2, 7],
			"to": [10, 4, 8],
			"faces": {
				"north": {"uv": [3, 5, 4, 7], "texture": "#3"},
				"east": {"uv": [3, 5, 4, 7], "texture": "#3"},
				"south": {"uv": [3, 5, 4, 7], "texture": "#3"},
				"west": {"uv": [3, 5, 4, 7], "texture": "#3"},
				"up": {"uv": [3, 5, 4, 6], "rotation": 180, "texture": "#3"},
				"down": {"uv": [3, 5, 4, 6], "rotation": 180, "texture": "#3"}
			}
		},
		{
			"from": [9, 2, 5],
			"to": [10, 4, 6],
			"faces": {
				"north": {"uv": [3, 5, 4, 7], "texture": "#3"},
				"east": {"uv": [3, 5, 4, 7], "texture": "#3"},
				"south": {"uv": [3, 5, 4, 7], "texture": "#3"},
				"west": {"uv": [3, 5, 4, 7], "texture": "#3"},
				"up": {"uv": [3, 5, 4, 6], "rotation": 180, "texture": "#3"},
				"down": {"uv": [3, 5, 4, 6], "rotation": 180, "texture": "#3"}
			}
		},
		{
			"from": [9, 3, 6],
			"to": [10, 4, 7],
			"faces": {
				"north": {"uv": [3, 5, 4, 6], "texture": "#3"},
				"east": {"uv": [3, 5, 4, 6], "texture": "#3"},
				"south": {"uv": [3, 5, 4, 6], "texture": "#3"},
				"west": {"uv": [3, 5, 4, 6], "texture": "#3"},
				"up": {"uv": [3, 5, 4, 6], "rotation": 180, "texture": "#3"},
				"down": {"uv": [3, 5, 4, 6], "rotation": 180, "texture": "#3"}
			}
		},
		{
			"from": [9, 4, 7],
			"to": [10, 6, 8],
			"faces": {
				"north": {"uv": [3, 5, 4, 7], "texture": "#3"},
				"east": {"uv": [3, 5, 4, 7], "texture": "#3"},
				"south": {"uv": [3, 5, 4, 7], "texture": "#3"},
				"west": {"uv": [3, 5, 4, 7], "texture": "#3"},
				"up": {"uv": [3, 5, 4, 6], "rotation": 180, "texture": "#3"},
				"down": {"uv": [3, 5, 4, 6], "rotation": 180, "texture": "#3"}
			}
		},
		{
			"from": [9, 3, 8],
			"to": [10, 5, 9],
			"faces": {
				"north": {"uv": [3, 5, 4, 7], "texture": "#3"},
				"east": {"uv": [3, 5, 4, 7], "texture": "#3"},
				"south": {"uv": [3, 5, 4, 7], "texture": "#3"},
				"west": {"uv": [3, 5, 4, 7], "texture": "#3"},
				"up": {"uv": [3, 5, 4, 6], "rotation": 180, "texture": "#3"},
				"down": {"uv": [3, 5, 4, 6], "rotation": 180, "texture": "#3"}
			}
		},
		{
			"from": [5, 5, 4],
			"to": [7, 6, 5],
			"faces": {
				"north": {"uv": [3, 5, 5, 6], "texture": "#3"},
				"east": {"uv": [3, 5, 4, 6], "texture": "#3"},
				"south": {"uv": [3, 5, 5, 6], "texture": "#3"},
				"west": {"uv": [3, 5, 4, 6], "texture": "#3"},
				"up": {"uv": [3, 5, 4, 7], "rotation": 90, "texture": "#3"},
				"down": {"uv": [3, 5, 4, 7], "rotation": 270, "texture": "#3"}
			}
		},
		{
			"from": [7, 2, 4],
			"to": [8, 4, 5],
			"faces": {
				"north": {"uv": [3, 5, 4, 7], "texture": "#3"},
				"east": {"uv": [3, 5, 4, 7], "texture": "#3"},
				"south": {"uv": [3, 5, 4, 7], "texture": "#3"},
				"west": {"uv": [3, 5, 4, 7], "texture": "#3"},
				"up": {"uv": [3, 5, 4, 6], "rotation": 90, "texture": "#3"},
				"down": {"uv": [3, 5, 4, 6], "rotation": 270, "texture": "#3"}
			}
		},
		{
			"from": [5, 2, 4],
			"to": [6, 4, 5],
			"faces": {
				"north": {"uv": [3, 5, 4, 7], "texture": "#3"},
				"east": {"uv": [3, 5, 4, 7], "texture": "#3"},
				"south": {"uv": [3, 5, 4, 7], "texture": "#3"},
				"west": {"uv": [3, 5, 4, 7], "texture": "#3"},
				"up": {"uv": [3, 5, 4, 6], "rotation": 90, "texture": "#3"},
				"down": {"uv": [3, 5, 4, 6], "rotation": 270, "texture": "#3"}
			}
		},
		{
			"from": [6, 3, 4],
			"to": [7, 4, 5],
			"faces": {
				"north": {"uv": [3, 5, 4, 6], "texture": "#3"},
				"east": {"uv": [3, 5, 4, 6], "texture": "#3"},
				"south": {"uv": [3, 5, 4, 6], "texture": "#3"},
				"west": {"uv": [3, 5, 4, 6], "texture": "#3"},
				"up": {"uv": [3, 5, 4, 6], "rotation": 90, "texture": "#3"},
				"down": {"uv": [3, 5, 4, 6], "rotation": 270, "texture": "#3"}
			}
		},
		{
			"from": [7, 4, 4],
			"to": [8, 6, 5],
			"faces": {
				"north": {"uv": [3, 5, 4, 7], "texture": "#3"},
				"east": {"uv": [3, 5, 4, 7], "texture": "#3"},
				"south": {"uv": [3, 5, 4, 7], "texture": "#3"},
				"west": {"uv": [3, 5, 4, 7], "texture": "#3"},
				"up": {"uv": [3, 5, 4, 6], "rotation": 90, "texture": "#3"},
				"down": {"uv": [3, 5, 4, 6], "rotation": 270, "texture": "#3"}
			}
		},
		{
			"from": [8, 3, 4],
			"to": [9, 5, 5],
			"faces": {
				"north": {"uv": [3, 5, 4, 7], "texture": "#3"},
				"east": {"uv": [3, 5, 4, 7], "texture": "#3"},
				"south": {"uv": [3, 5, 4, 7], "texture": "#3"},
				"west": {"uv": [3, 5, 4, 7], "texture": "#3"},
				"up": {"uv": [3, 5, 4, 6], "rotation": 90, "texture": "#3"},
				"down": {"uv": [3, 5, 4, 6], "rotation": 270, "texture": "#3"}
			}
		},
		{
			"from": [5, 2, 5],
			"to": [9, 9, 9],
			"faces": {
				"north": {"uv": [6, 4, 10, 11], "texture": "#0"},
				"east": {"uv": [6, 4, 10, 11], "texture": "#0"},
				"south": {"uv": [6, 4, 10, 11], "texture": "#0"},
				"west": {"uv": [6, 4, 10, 11], "texture": "#0"},
				"up": {"uv": [6, 4, 10, 8], "texture": "#0"},
				"down": {"uv": [6, 4, 10, 8], "texture": "#0"}
			}
		},
		{
			"from": [8, 9, 6],
			"to": [9, 10, 8],
			"faces": {
				"north": {"uv": [6, 4, 7, 5], "texture": "#0"},
				"east": {"uv": [6, 4, 8, 5], "texture": "#0"},
				"south": {"uv": [6, 4, 7, 5], "texture": "#0"},
				"west": {"uv": [6, 4, 8, 5], "texture": "#0"},
				"up": {"uv": [6, 4, 7, 6], "texture": "#0"},
				"down": {"uv": [6, 4, 7, 6], "texture": "#0"}
			}
		},
		{
			"from": [5, 9, 6],
			"to": [6, 10, 8],
			"faces": {
				"north": {"uv": [6, 4, 7, 5], "texture": "#0"},
				"east": {"uv": [6, 4, 8, 5], "texture": "#0"},
				"south": {"uv": [6, 4, 7, 5], "texture": "#0"},
				"west": {"uv": [6, 4, 8, 5], "texture": "#0"},
				"up": {"uv": [6, 4, 7, 6], "texture": "#0"},
				"down": {"uv": [6, 4, 7, 6], "texture": "#0"}
			}
		},
		{
			"from": [6, 9, 5],
			"to": [8, 10, 6],
			"faces": {
				"north": {"uv": [6, 4, 8, 5], "texture": "#0"},
				"east": {"uv": [6, 4, 7, 5], "texture": "#0"},
				"south": {"uv": [6, 4, 8, 5], "texture": "#0"},
				"west": {"uv": [6, 4, 7, 5], "texture": "#0"},
				"up": {"uv": [6, 4, 8, 5], "texture": "#0"},
				"down": {"uv": [6, 4, 8, 5], "texture": "#0"}
			}
		},
		{
			"from": [6, 9, 8],
			"to": [8, 10, 9],
			"faces": {
				"north": {"uv": [6, 4, 8, 5], "texture": "#0"},
				"east": {"uv": [6, 4, 7, 5], "texture": "#0"},
				"south": {"uv": [6, 4, 8, 5], "texture": "#0"},
				"west": {"uv": [6, 4, 7, 5], "texture": "#0"},
				"up": {"uv": [6, 4, 8, 5], "texture": "#0"},
				"down": {"uv": [6, 4, 8, 5], "texture": "#0"}
			}
		},
		{
			"from": [6, 9, 6],
			"to": [8, 10, 8],
			"faces": {
				"north": {"uv": [5, 8, 7, 9], "texture": "#0"},
				"east": {"uv": [5, 8, 7, 9], "texture": "#0"},
				"south": {"uv": [5, 8, 7, 9], "texture": "#0"},
				"west": {"uv": [5, 8, 7, 9], "texture": "#0"},
				"up": {"uv": [5, 8, 7, 10], "texture": "#0"},
				"down": {"uv": [5, 8, 7, 10], "texture": "#0"}
			}
		},
		{
			"from": [5, 1, 5],
			"to": [9, 2, 9],
			"faces": {
				"north": {"uv": [6, 4, 10, 11], "texture": "#2"},
				"east": {"uv": [6, 4, 10, 11], "texture": "#2"},
				"south": {"uv": [6, 4, 10, 11], "texture": "#2"},
				"west": {"uv": [6, 4, 10, 11], "texture": "#2"},
				"up": {"uv": [6, 4, 10, 8], "texture": "#2"},
				"down": {"uv": [6, 4, 10, 8], "texture": "#2"}
			}
		}
	],
	"display": {
		"head": {
			"rotation": [-90, 0, 0],
			"translation": [0.25, -52.25, -1],
			"scale": [0.58, 0.58, 0.58]
		}
	},
	"groups": [
		{
			"name": "mogu",
			"origin": [0, 0, 0],
			"color": 0,
			"children": [0, 1, 2, 3, 4, 5]
		},
		{
			"name": "mogu",
			"origin": [0, 0, 0],
			"color": 0,
			"children": [6, 7, 8, 9, 10, 11]
		},
		{
			"name": "mogu",
			"origin": [0, 0, 0],
			"color": 0,
			"children": [12, 13, 14, 15, 16, 17]
		},
		{
			"name": "mogu",
			"origin": [0, 0, 0],
			"color": 0,
			"children": [
				18,
				19,
				20,
				21,
				22,
				23,
				24,
				{
					"name": "group",
					"origin": [0, 0, 0],
					"color": 0,
					"children": [25]
				},
				{
					"name": "group",
					"origin": [0, 0, 0],
					"color": 0,
					"children": [26]
				},
				{
					"name": "group",
					"origin": [0, 0, 0],
					"color": 0,
					"children": [27, 28]
				},
				29,
				30
			]
		}
	]
}