{
	"credit": "Made with Blockbench",
	"textures": {
		"1": "block/white_concrete",
		"2": "custom/playingcardback",
		"3": "custom/playingcard8"
	},
	"elements": [
		{
			"from": [0, 0, 0],
			"to": [2.5, 0.25, 4],
			"faces": {
				"north": {"uv": [0, 0, 5.7, 1.05], "texture": "#1"},
				"east": {"uv": [0, 0, 7.2, 1.05], "texture": "#1"},
				"south": {"uv": [0, 0, 5.7, 1.05], "texture": "#1"},
				"west": {"uv": [0, 0, 7.2, 1.05], "texture": "#1"},
				"up": {"uv": [0, 0, 16, 16], "texture": "#3"},
				"down": {"uv": [0, 0, 16, 16], "texture": "#2"}
			}
		}
	],
	"gui_light": "front",
	"display": {
		"thirdperson_righthand": {
			"rotation": [94.75, 0, 0],
			"translation": [6.75, -4.5, 7.75]
		},
		"thirdperson_lefthand": {
			"rotation": [90.75, 0, 0],
			"translation": [-6.75, -4.5, 7.75]
		},
		"firstperson_righthand": {
			"rotation": [74.75, 0, 0],
			"translation": [7.75, -1, 10]
		},
		"firstperson_lefthand": {
			"rotation": [79, 0, 0],
			"translation": [-7.5, -0.75, 11]
		},
		"ground": {
			"rotation": [90, 45, 0],
			"translation": [17, 1.5, 15],
			"scale": [2, 2, 2]
		},
		"gui": {
			"rotation": [90, 0, 0],
			"translation": [27, -24, 0],
			"scale": [4, 4, 4]
		},
		"head": {
			"rotation": [90, 45, 180],
			"translation": [-2, -6, -15.75],
			"scale": [2, 2, 2]
		},
		"fixed": {
			"rotation": [90, 0, -180],
			"translation": [-20.5, -18, -22.5],
			"scale": [3, 3, 3]
		}
	}
}