{
	"textures": {
		"0": "item/ability_nightmare_not",
		"particle": "item/ability_nightmare_not"
	},
	"elements": [
		{
			"from": [0, 0, 8],
			"to": [16, 16, 8],
			"faces": {
				"south": {"uv": [0, 0, 16, 16], "texture": "#0"}
			}
		}
	],
	"gui_light": "front",
	"display": {
		"thirdperson_righthand": {
			"scale": [0, 0, 0]
		},
		"thirdperson_lefthand": {
			"scale": [0, 0, 0]
		},
		"firstperson_righthand": {
			"translation": [1.75, 4.25, 0],
			"scale": [0.4, 0.4, 1]
		},
		"firstperson_lefthand": {
			"translation": [1.75, 4.25, 0],
			"scale": [0.4, 0.4, 1]
		},
		"ground": {
			"scale": [0, 0, 0]
		},
		"head": {
			"scale": [0, 0, 0]
		},
		"fixed": {
			"scale": [0, 0, 0]
		}
	}
}